Plant,Tt_myco_mass_wholesystem,Sp_myco_mass_wholesystem,Tt_dead_mass_wholesystem,Sp_dead_mass_wholesystem,NM_mass_wholesystem,percent_col_denominator,total_root_mass_wholesystem,percent_Tt,percent_Sp,percent_Tt_dead,percent_Sp_dead,N_level,Batch,competitors_attempted,competitors,enriched,shoot_biomass
6001,0,0.00774,0,0.00312,0.0427,0.05356,0.37031000000000003,0,14.451082897684838,0,5.825242718446601,Low,FC04,Sp/None,Sp/None,1,0.42952
6001,0,0.00774,0,0.00312,0.0427,0.05356,0.37031000000000003,0,14.451082897684838,0,5.825242718446601,Low,FC04,Sp/None,Sp/None,1,0.42952
6002,0.0129,0.0954,0,0.0097,0.08503,0.20303,1.43543,6.3537408264788455,46.9881298330296,0,4.77761907107324,High,FC07,Sp/Sp,MIXED/SUIPU,1,1.4852699999999999
6002,0.0129,0.0954,0,0.0097,0.08503,0.20303,1.43543,6.3537408264788455,46.9881298330296,0,4.77761907107324,High,FC07,Sp/Sp,MIXED/SUIPU,1,1.4852699999999999
6006,0.021830000000000002,0,0,0,0.09046,0.11229,1.32582,19.440733814231013,0,0,0,High,FC15,Tt/Tt,Tt/Tt,1,2.85745
6006,0.021830000000000002,0,0,0,0.09046,0.11229,1.32582,19.440733814231013,0,0,0,High,FC15,Tt/Tt,Tt/Tt,1,2.85745
6007,0,0.01336,0,6.9e-4,0.06656999999999999,0.08062,0.40474,0,16.571570329942944,0,0.8558670305135203,Low,FC01,Tt/Sp,Sp/None,1,0.46426
6007,0,0.01336,0,6.9e-4,0.06656999999999999,0.08062,0.40474,0,16.571570329942944,0,0.8558670305135203,Low,FC01,Tt/Sp,Sp/None,1,0.46426
6008,0,4.8e-4,0,0,0.06601,0.06649,0.26299,0,0.7219130696345316,0,0,Low,FC06,Sp/Sp,Sp/Sp,1,0.28107
6008,0,4.8e-4,0,0,0.06601,0.06649,0.26299,0,0.7219130696345316,0,0,Low,FC06,Sp/Sp,Sp/Sp,1,0.28107
6010,0.01606,0,0,0,0.21133,0.22738999999999998,1.37848,7.062755618101062,0,0,0,High,FC16,Tt/None,Tt/None,1,2.95838
6010,0.01606,0,0,0,0.21133,0.22738999999999998,1.37848,7.062755618101062,0,0,0,High,FC16,Tt/None,Tt/None,1,2.95838
6011,0.02296,0,0,0.00677,0.15322,0.18295,0.63773,12.549877015578028,0,0,3.700464607816343,Low,FC13,Tt/Sp,Tt/Sp,1,0.5197499999999999
6011,0.02296,0,0,0.00677,0.15322,0.18295,0.63773,12.549877015578028,0,0,3.700464607816343,Low,FC13,Tt/Sp,Tt/Sp,1,0.5197499999999999
6012,0.0927,0.0038,0.0129,0.0051,0.1059,0.22039999999999998,0.76032,42.059891107078045,1.7241379310344827,0,2.313974591651543,High,FC02,Tt/Sp,Tt/Sp,1,1.58
6012,0.0927,0.0038,0.0129,0.0051,0.1059,0.22039999999999998,0.76032,42.059891107078045,1.7241379310344827,0,2.313974591651543,High,FC02,Tt/Sp,Tt/Sp,1,1.58
6013,0,0.00227,0,0.00169,0.51706,0.5210199999999999,0.83666,0,0.4356838509078346,0,0.3243637480327051,Low,FC10,Sp/None,Sp/None,1,0.82697
6013,0,0.00227,0,0.00169,0.51706,0.5210199999999999,0.83666,0,0.4356838509078346,0,0.3243637480327051,Low,FC10,Sp/None,Sp/None,1,0.82697
6014,0,0,0,0,0.06772,0.06772,0.66726,0,0,0,0,High,FC07,None/None,None/None,1,1.04408
6014,0,0,0,0,0.06772,0.06772,0.66726,0,0,0,0,High,FC07,None/None,None/None,1,1.04408
6015,0.092,0.0639,0,0.0027,0.20196,0.36056,1.6806900000000002,25.51586421122698,17.72243177279787,0,0.7488351453294876,High,FC07,Sp/None,Tt/Sp,1,1.96873
6015,0.092,0.0639,0,0.0027,0.20196,0.36056,1.6806900000000002,25.51586421122698,17.72243177279787,0,0.7488351453294876,High,FC07,Sp/None,Tt/Sp,1,1.96873
6016,0.05775,0,0,0,0.08813000000000001,0.14588,0.68729,39.5873320537428,0,0,0,Low,FC03,Tt/None,Tt/None,1,0.63562
6016,0.05775,0,0,0,0.08813000000000001,0.14588,0.68729,39.5873320537428,0,0,0,Low,FC03,Tt/None,Tt/None,1,0.63562
6018,0.01757,0,0,0,0.0474,0.06497,0.6961999999999999,27.04325073110666,0,0,0,High,FC12,Tt/None,THETE,1,1.81698
6019,0,0.021089999999999998,0,0.03642,0.06961,0.12712,0.32118,0,16.59062303335431,0,28.650094398993076,Low,FC13,Sp/Sp,Sp/Sp,1,0.46662
6019,0,0.021089999999999998,0,0.03642,0.06961,0.12712,0.32118,0,16.59062303335431,0,28.650094398993076,Low,FC13,Sp/Sp,Sp/Sp,1,0.46662
6020,0,0,0,0.01921,0.10427,0.12348,0.9429799999999999,0,0,0,15.5571752510528,Low,FC11,Sp/Sp,Sp/Sp,1,0.7875399999999999
6020,0,0,0,0.01921,0.10427,0.12348,0.9429799999999999,0,0,0,15.5571752510528,Low,FC11,Sp/Sp,Sp/Sp,1,0.7875399999999999
6021,0.02588,0,0,0,0.13355,0.15943000000000002,0.88253,16.2328294549332,0,0,0,Low,FC13,Tt/None,Tt/Tt,1,0.74122999999999994
6021,0.02588,0,0,0,0.13355,0.15943000000000002,0.88253,16.2328294549332,0,0,0,Low,FC13,Tt/None,Tt/Tt,1,0.74122999999999994
6022,0.0727,0,0,0,0.10585,0.17855,1.7697500000000002,40.71688602632316,0,0,0,High,FC07,Tt/Tt,Tt/Tt,1,3.4294100000000003
6022,0.0727,0,0,0,0.10585,0.17855,1.7697500000000002,40.71688602632316,0,0,0,High,FC07,Tt/Tt,Tt/Tt,1,3.4294100000000003
6023,0.022500000000000003,0,0,0,0.08399999999999999,0.1065,1.1521,21.126760563380284,0,0,0,High,FC14,Tt/Tt,Tt/Tt,1,2.89291
6023,0.022500000000000003,0,0,0,0.08399999999999999,0.1065,1.1521,21.126760563380284,0,0,0,High,FC14,Tt/Tt,Tt/Tt,1,2.89291
6024,0.0448,0,0,0,0.1463,0.19110000000000002,1.6658,23.44322344322344,0,0,0,High,FC14,Tt/None,Tt/Tt,1,3.02475
6024,0.0448,0,0,0,0.1463,0.19110000000000002,1.6658,23.44322344322344,0,0,0,High,FC14,Tt/None,Tt/Tt,1,3.02475
6025,0.01655,0.01307,0,0.01904,0.09407000000000001,0.14273000000000002,1.72692,11.595319834652837,9.157149863378406,0,13.339872486512997,High,FC07,Tt/Sp,Tt/Sp,1,2.31152
6025,0.01655,0.01307,0,0.01904,0.09407000000000001,0.14273000000000002,1.72692,11.595319834652837,9.157149863378406,0,13.339872486512997,High,FC07,Tt/Sp,Tt/Sp,1,2.31152
6026,0.03622,0,0,0,0.14825,0.18447,1.19899,19.63462893695452,0,0,0,High,FC15,Tt/Sp,Tt/Tt,1,2.798
6026,0.03622,0,0,0,0.14825,0.18447,1.19899,19.63462893695452,0,0,0,High,FC15,Tt/Sp,Tt/Tt,1,2.798
6027,0.04506,0,0,0,0.055760000000000004,0.10082,0.95077,44.693513191827016,0,0,0,High,FC15,Tt/Sp,THETE,1,2.1929700000000003
6028,0.0947,0.0061,0.0379,0,0.09555,0.23424999999999999,1.85815,40.42689434364995,2.604055496264675,0,0,High,FC09,Sp/None,MIXED/THETE,1,2.02678
6028,0.0947,0.0061,0.0379,0,0.09555,0.23424999999999999,1.85815,40.42689434364995,2.604055496264675,0,0,High,FC09,Sp/None,MIXED/THETE,1,2.02678
6029,0.00162,0,0,0,0.08236,0.08398,0.41953999999999997,1.9290307216003808,0,0,0,Low,FC08,Tt/Tt,Tt/Tt,1,0.68118
6029,0.00162,0,0,0,0.08236,0.08398,0.41953999999999997,1.9290307216003808,0,0,0,Low,FC08,Tt/Tt,Tt/Tt,1,0.68118
6030,0.013569999999999999,0,0,0,0.11365,0.12722,0.9347599999999999,10.666561861342554,0,0,0,Low,FC11,Tt/Tt,Tt/Tt,1,1.0311700000000001
6030,0.013569999999999999,0,0,0,0.11365,0.12722,0.9347599999999999,10.666561861342554,0,0,0,Low,FC11,Tt/Tt,Tt/Tt,1,1.0311700000000001
6031,0.00805,0,0,0,0.06722,0.07527,0.49872000000000005,10.694831938355254,0,0,0,Low,FC04,Tt/None,Tt/None,1,0.36312
6031,0.00805,0,0,0,0.06722,0.07527,0.49872000000000005,10.694831938355254,0,0,0,Low,FC04,Tt/None,Tt/None,1,0.36312
6032,0.050089999999999996,0,0,0,0.08094000000000001,0.13103,0.74749,38.22788674349385,0,0,0,Low,FC04,Tt/Tt,Tt/Tt,1,0.6456
6032,0.050089999999999996,0,0,0,0.08094000000000001,0.13103,0.74749,38.22788674349385,0,0,0,Low,FC04,Tt/Tt,Tt/Tt,1,0.6456
6033,0,0.01254,0,0.00296,0.08145,0.09695,0.35241,0,12.934502320783912,0,3.0531201650335222,Low,FC01,Sp/Sp,Sp/Sp,1,0.48758
6033,0,0.01254,0,0.00296,0.08145,0.09695,0.35241,0,12.934502320783912,0,3.0531201650335222,Low,FC01,Sp/Sp,Sp/Sp,1,0.48758
6034,0.03179,0.01653,0.02213,0,0.09391000000000001,0.16436,0.78501,19.341688975419807,10.05719153078608,0,0,High,FC05,Tt/Sp,MIXED/THETE,1,2.04062
6034,0.03179,0.01653,0.02213,0,0.09391000000000001,0.16436,0.78501,19.341688975419807,10.05719153078608,0,0,High,FC05,Tt/Sp,MIXED/THETE,1,2.04062
6035,0.00522,0,0,0,0.039760000000000004,0.044980000000000006,0.5968600000000001,11.605157847932412,0,0,0,Low,FC13,Tt/Tt,Tt/Tt,1,0.96375
6035,0.00522,0,0,0,0.039760000000000004,0.044980000000000006,0.5968600000000001,11.605157847932412,0,0,0,Low,FC13,Tt/Tt,Tt/Tt,1,0.96375
6036,0,3e-4,0,0.00386,0.08813,0.09229,0.63881,0,0.32506230360819155,0,4.182468306425399,Low,FC11,Sp/None,Sp/Sp,1,0.63481
6036,0,3e-4,0,0.00386,0.08813,0.09229,0.63881,0,0.32506230360819155,0,4.182468306425399,Low,FC11,Sp/None,Sp/Sp,1,0.63481
6038,0.042,0,0,0,0.22150000000000003,0.2635,2.2457,15.939278937381404,0,0,0,High,FC14,Tt/Tt,Tt/Tt,1,3.9462900000000003
6038,0.042,0,0,0,0.22150000000000003,0.2635,2.2457,15.939278937381404,0,0,0,High,FC14,Tt/Tt,Tt/Tt,1,3.9462900000000003
6039,0.01556,0,0,0,0.09067,0.10623,0.95158,14.647463051868586,0,0,0,Low,FC10,Tt/None,Tt/None,1,0.8415600000000001
6039,0.01556,0,0,0,0.09067,0.10623,0.95158,14.647463051868586,0,0,0,Low,FC10,Tt/None,Tt/None,1,0.8415600000000001
6040,0.2364,0,0,0,0.08005000000000001,0.31645,0.98764,74.70374466740401,0,0,0,High,FC09,Tt/None,Tt/None,1,1.15299
6040,0.2364,0,0,0,0.08005000000000001,0.31645,0.98764,74.70374466740401,0,0,0,High,FC09,Tt/None,Tt/None,1,1.15299
6041,0.0018,0.0205,0,0.0037,0.0812,0.10719999999999999,0.8041,1.6791044776119404,19.123134328358212,0,3.451492537313433,High,FC07,Sp/None,Tt/Sp,1,1.05007
6041,0.0018,0.0205,0,0.0037,0.0812,0.10719999999999999,0.8041,1.6791044776119404,19.123134328358212,0,3.451492537313433,High,FC07,Sp/None,Tt/Sp,1,1.05007
6043,0,0.018269999999999998,0,0.00316,0.14943,0.17086,1.06417,0,10.692965000585271,0,1.8494674002106988,High,FC02,Sp/Sp,Sp/Sp,1,1.9522
6043,0,0.018269999999999998,0,0.00316,0.14943,0.17086,1.06417,0,10.692965000585271,0,1.8494674002106988,High,FC02,Sp/Sp,Sp/Sp,1,1.9522
6044,0.012110000000000001,0,0,0,0.057769999999999995,0.06988,0.44999,17.32970807097882,0,0,0,Low,FC13,None/None,Tt/Tt,1,0.51579
6044,0.012110000000000001,0,0,0,0.057769999999999995,0.06988,0.44999,17.32970807097882,0,0,0,Low,FC13,None/None,Tt/Tt,1,0.51579
6045,0.05048,0,0.00144,0,0.09212999999999999,0.14404999999999998,0.60023,35.043387712599795,0,0,0,Low,FC03,Tt/Tt,Tt/Tt,1,0.57773
6045,0.05048,0,0.00144,0,0.09212999999999999,0.14404999999999998,0.60023,35.043387712599795,0,0,0,Low,FC03,Tt/Tt,Tt/Tt,1,0.57773
6048,0.00354,0,0,0,0.02905,0.03259,0.23067,10.862227677201595,0,0,0,High,FC02,Sp/Sp,Tt/None,1,0.41299
6048,0.00354,0,0,0,0.02905,0.03259,0.23067,10.862227677201595,0,0,0,High,FC02,Sp/Sp,Tt/None,1,0.41299
6049,0.0172,0,0.02036,0,0.12975,0.16731000000000001,1.3857499999999998,10.280317972625665,0,0,0,High,FC02,Tt/None,Tt/None,1,2.4138
6049,0.0172,0,0.02036,0,0.12975,0.16731000000000001,1.3857499999999998,10.280317972625665,0,0,0,High,FC02,Tt/None,Tt/None,1,2.4138
6050,0,0.0409,0,0.037790000000000004,0.07483999999999999,0.15353,1.3070400000000002,0,26.639744675307757,0,24.614081938383382,High,FC05,Sp/Sp,Sp/Sp,1,1.21332
6050,0,0.0409,0,0.037790000000000004,0.07483999999999999,0.15353,1.3070400000000002,0,26.639744675307757,0,24.614081938383382,High,FC05,Sp/Sp,Sp/Sp,1,1.21332
6051,0.0218,0,0,0,0.07930000000000001,0.10110000000000001,0.60361,21.562809099901088,0,0,0,High,FC09,Sp/None,Tt/None,1,0.9480999999999999
6051,0.0218,0,0,0,0.07930000000000001,0.10110000000000001,0.60361,21.562809099901088,0,0,0,High,FC09,Sp/None,Tt/None,1,0.9480999999999999
6052,0.02384,3.9e-4,0,0,0.09042,0.11465,1.2299699999999998,20.793720017444393,0.340165721761884,0,0,High,FC12,Tt/Sp,MIXED/THETE,1,1.8976
6052,0.02384,3.9e-4,0,0,0.09042,0.11465,1.2299699999999998,20.793720017444393,0.340165721761884,0,0,High,FC12,Tt/Sp,MIXED/THETE,1,1.8976
6053,0.01596,0.00544,0,0.01541,0.09068000000000001,0.12749,0.6322,12.518628912071533,4.267001333437917,0,12.08722252725704,Low,FC08,Tt/Sp,Tt/Sp,1,0.6975899999999999
6053,0.01596,0.00544,0,0.01541,0.09068000000000001,0.12749,0.6322,12.518628912071533,4.267001333437917,0,12.08722252725704,Low,FC08,Tt/Sp,Tt/Sp,1,0.6975899999999999
6054,0.0097,0,0,0,0.0508,0.0605,0.5473,16.033057851239672,0,0,0,Low,FC06,Tt/None,Tt/None,1,0.52764
6054,0.0097,0,0,0,0.0508,0.0605,0.5473,16.033057851239672,0,0,0,Low,FC06,Tt/None,Tt/None,1,0.52764
6055,0.03132,0,0.00475,0,0.1527,0.18877,1.08056,16.591619431053665,0,0,0,High,FC09,Tt/Tt,Tt/Tt,1,2.66525
6055,0.03132,0,0.00475,0,0.1527,0.18877,1.08056,16.591619431053665,0,0,0,High,FC09,Tt/Tt,Tt/Tt,1,2.66525
6056,0,0.013519999999999999,0,0.00358,0.0377,0.054799999999999995,0.6134299999999999,0,24.67153284671533,0,6.532846715328468,Low,FC10,Sp/None,MIXED/SUIPU,1,0.5603400000000001
6056,0,0.013519999999999999,0,0.00358,0.0377,0.054799999999999995,0.6134299999999999,0,24.67153284671533,0,6.532846715328468,Low,FC10,Sp/None,MIXED/SUIPU,1,0.5603400000000001
6057,0.03117,0.00259,0.00511,0,0.06747,0.10634,0.31726,29.311641903328944,2.435583975926274,0,0,Low,FC01,Sp/None,MIXED/THETE,1,0.38091
6057,0.03117,0.00259,0.00511,0,0.06747,0.10634,0.31726,29.311641903328944,2.435583975926274,0,0,Low,FC01,Sp/None,MIXED/THETE,1,0.38091
6058,0,0,0,0,0.10286000000000001,0.10286000000000001,0.56565,0,0,0,0,Low,FC13,None/None,None/None,1,0.77654
6058,0,0,0,0,0.10286000000000001,0.10286000000000001,0.56565,0,0,0,0,Low,FC13,None/None,None/None,1,0.77654
6061,0.00306,0,0,0,0.08146,0.08452,0.63106,3.620444865120681,0,0,0,Low,FC01,None/None,Tt/None,1,0.645
6061,0.00306,0,0,0,0.08146,0.08452,0.63106,3.620444865120681,0,0,0,Low,FC01,None/None,Tt/Tt,1,0.645
6062,0,0.00143,0,9e-4,0.08985,0.09218,0.5875600000000001,0,1.5513126491646778,0,0.9763506183553917,Low,FC03,Sp/Sp,Sp/None,1,0.5414
6062,0,0.00143,0,9e-4,0.08985,0.09218,0.5875600000000001,0,1.5513126491646778,0,0.9763506183553917,Low,FC03,Sp/Sp,Sp/None,1,0.5414
6063,0,0.0122,0,0.0031,0.10151,0.11681,0.67561,0,10.444311274719631,0,2.653882373084496,High,FC02,Sp/Sp,Sp/None,1,0.7735
6063,0,0.0122,0,0.0031,0.10151,0.11681,0.67561,0,10.444311274719631,0,2.653882373084496,High,FC02,Sp/Sp,Sp/None,1,0.7735
6064,0.00667,0.00185,0,0.0124,0.07447999999999999,0.09539999999999998,0.81316,6.9916142557651995,1.9392033542976943,0,12.997903563941302,High,FC05,Sp/Sp,Tt/Sp,1,1.10664
6064,0.00667,0.00185,0,0.0124,0.07447999999999999,0.09539999999999998,0.81316,6.9916142557651995,1.9392033542976943,0,12.997903563941302,High,FC05,Sp/Sp,Tt/Sp,1,1.10664
6065,0.05635999999999999,0,0,0,0.16268,0.21903999999999998,1.7138200000000001,25.730460189919647,0,0,0,High,FC12,None/None,Tt/Tt,1,2.85007
6065,0.05635999999999999,0,0,0,0.16268,0.21903999999999998,1.7138200000000001,25.730460189919647,0,0,0,High,FC12,None/None,Tt/Tt,1,2.85007
6066,0.047670000000000004,0,0,0,0.09409000000000001,0.14176,1.3296700000000001,33.62725733634312,0,0,0,High,FC12,Tt/Sp,Tt/Tt,1,2.31632
6066,0.047670000000000004,0,0,0,0.09409000000000001,0.14176,1.3296700000000001,33.62725733634312,0,0,0,High,FC12,Tt/Sp,Tt/Tt,1,2.31632
6067,0.04231,0.00213,0,0.00488,0.04966,0.09898000000000001,0.58315,42.746009294807024,2.1519498888664375,0,4.930288947262072,Low,FC03,Tt/Sp,MIXED/THETE,1,0.60997
6067,0.04231,0.00213,0,0.00488,0.04966,0.09898000000000001,0.58315,42.746009294807024,2.1519498888664375,0,4.930288947262072,Low,FC03,Tt/Sp,MIXED/THETE,1,0.60997
6068,0.01874,0,0.0053,0,0.07067,0.09470999999999999,0.8508499999999999,19.78671734769296,0,0,0,High,FC05,None/None,Tt/None,1,1.76714
6068,0.01874,0,0.0053,0,0.07067,0.09470999999999999,0.8508499999999999,19.78671734769296,0,0,0,High,FC05,None/None,Tt/None,1,1.76714
6069,0.00352,0,0,0,0.10042999999999999,0.10394999999999999,0.59419,3.3862433862433865,0,0,0,Low,FC11,Tt/None,Tt/None,1,0.6094999999999999
6069,0.00352,0,0,0,0.10042999999999999,0.10394999999999999,0.59419,3.3862433862433865,0,0,0,Low,FC11,Tt/None,Tt/None,1,0.6094999999999999
6070,0.030899999999999997,0,0,0,0.0854,0.1163,2.0059,26.569217540842644,0,0,0,High,FC14,Sp/None,Tt/Tt,1,4.34949
6070,0.030899999999999997,0,0,0,0.0854,0.1163,2.0059,26.569217540842644,0,0,0,High,FC14,Sp/None,Tt/Tt,1,4.34949
6071,0.02043,0.0024,0,0,0.05455,0.07738,0.72766,26.40217110364435,3.101576634789351,0,0,Low,FC11,Tt/Sp,Tt/Sp,1,0.67501
6071,0.02043,0.0024,0,0,0.05455,0.07738,0.72766,26.40217110364435,3.101576634789351,0,0,Low,FC11,Tt/Sp,Tt/Sp,1,0.67501
6072,0.0383,0,0,0,0.08373,0.12203,0.69543,31.385724821765145,0,0,0,Low,FC10,Tt/Tt,Tt/Tt,1,1.0901
6072,0.0383,0,0,0,0.08373,0.12203,0.69543,31.385724821765145,0,0,0,Low,FC10,Tt/Tt,Tt/Tt,1,1.0901
6073,0.04624,0,0,0,0.17963,0.22587000000000002,0.7226400000000001,20.471952893257182,0,0,0,High,B01,Tt/None,Tt/Tt,0,1.59837
6073,0.04624,0,0,0,0.17963,0.22587000000000002,0.7226400000000001,20.471952893257182,0,0,0,High,B01,Tt/None,Tt/Tt,0,1.59837
6074,0,0,0,0,0.04734,0.04734,0.7074499999999999,0,0,0,0,Low,FC08,None/None,None/None,1,0.53314
6074,0,0,0,0,0.04734,0.04734,0.7074499999999999,0,0,0,0,Low,FC08,None/None,None/None,1,0.53314
6075,0.00944,0,0,0,0.032200000000000006,0.04164000000000001,0.74612,22.670509125840532,0,0,0,Low,FC10,Tt/Tt,Tt/Tt,1,0.5851000000000001
6075,0.00944,0,0,0,0.032200000000000006,0.04164000000000001,0.74612,22.670509125840532,0,0,0,Low,FC10,Tt/Tt,Tt/Tt,1,0.5851000000000001
6076,0,0,0,0,0.0733,0.0733,0.5398000000000001,0,0,0,0,Low,FC10,Sp/None,Tt/None,1,0.618
6076,0,0,0,0,0.0733,0.0733,0.5398000000000001,0,0,0,0,Low,FC10,Sp/None,Tt/None,1,0.618
6077,0,0.00876,0,0.00882,0.06953999999999999,0.08711999999999999,0.80593,0,10.055096418732784,0,10.123966942148762,Low,FC03,Sp/Sp,Sp/Sp,1,0.77022
6077,0,0.00876,0,0.00882,0.06953999999999999,0.08711999999999999,0.80593,0,10.055096418732784,0,10.123966942148762,Low,FC03,Sp/Sp,Sp/Sp,1,0.77022
6078,0.01268,0.00375,0,0.00644,0.058499999999999996,0.08137,0.40114000000000005,15.583138748924666,4.608578100036868,0,7.914464790463316,Low,FC04,Tt/Sp,Tt/Sp,1,0.38778
6078,0.01268,0.00375,0,0.00644,0.058499999999999996,0.08137,0.40114000000000005,15.583138748924666,4.608578100036868,0,7.914464790463316,Low,FC04,Tt/Sp,Tt/Sp,1,0.38778
6079,0,0.0062,0,0.0114,0.10879999999999998,0.12639999999999998,0.4413,0,4.905063291139241,0,9.018987341772153,Low,FC06,Sp/None,Sp/None,1,0.45487000000000005
6079,0,0.0062,0,0.0114,0.10879999999999998,0.12639999999999998,0.4413,0,4.905063291139241,0,9.018987341772153,Low,FC06,Sp/None,Sp/None,1,0.45487000000000005
6080,0.023969999999999998,0,0,0,0.06280000000000001,0.08677000000000001,0.76397,27.624755099688826,0,0,0,Low,FC06,Tt/Tt,Tt/Tt,1,0.49875
6080,0.023969999999999998,0,0,0,0.06280000000000001,0.08677000000000001,0.76397,27.624755099688826,0,0,0,Low,FC06,Tt/Tt,Tt/Tt,1,0.49875
6082,0,0,0,0,0.0315,0.0315,1.0116,0,0,0,0,High,FC02,None/None,FAILED,1,2.1071
6082,0,0,0,0,0.0315,0.0315,1.0116,0,0,0,0,High,FC02,None/None,FAILED,1,2.1071
6084,0,0.022,0,0.02593,0.05308,0.10101,1.49508,0,21.780021780021777,0,25.67072567072567,Low,FC04,Sp/Sp,Sp/Sp,1,1.14626
6084,0,0.022,0,0.02593,0.05308,0.10101,1.49508,0,21.780021780021777,0,25.67072567072567,Low,FC04,Sp/Sp,Sp/Sp,1,1.14626
6085,0.0342,0.0015,0,0.0033,0.05724,0.09623999999999999,0.52894,35.53615960099751,1.5586034912718207,0,3.4289276807980054,Low,FC06,Tt/Sp,Tt/Sp,1,0.61031
6085,0.0342,0.0015,0,0.0033,0.05724,0.09623999999999999,0.52894,35.53615960099751,1.5586034912718207,0,3.4289276807980054,Low,FC06,Tt/Sp,Tt/Sp,1,0.61031
6087,0.0451,0,0.0174,0,0.13090000000000002,0.19340000000000002,1.3504999999999998,23.319544984488104,0,0,0,High,FC09,Tt/Tt,Tt/Tt,1,4.40099
6087,0.0451,0,0.0174,0,0.13090000000000002,0.19340000000000002,1.3504999999999998,23.319544984488104,0,0,0,High,FC09,Tt/Tt,Tt/Tt,1,4.40099
6088,0.01761,0,0,0,0.03606,0.05367,0.8157300000000001,32.811626607043046,0,0,0,Low,FC01,None/None,Tt/Tt,1,0.84949
6088,0.01761,0,0,0,0.03606,0.05367,0.8157300000000001,32.811626607043046,0,0,0,Low,FC01,None/None,Tt/Tt,1,0.84949
6090,0.03334,0,0,0,0.09539,0.12873,1.65838,25.89916880292084,0,0,0,High,FC12,Tt/None,Tt/None,1,2.92802
6090,0.03334,0,0,0,0.09539,0.12873,1.65838,25.89916880292084,0,0,0,High,FC12,Tt/None,Tt/None,1,2.92802
6091,0.07396,0,0,0,0.07853,0.15249000000000001,1.16593,48.501541084661284,0,0,0,High,B03,Sp/None,Tt/None,0,2.22568
6091,0.07396,0,0,0,0.07853,0.15249000000000001,1.16593,48.501541084661284,0,0,0,High,B03,Sp/None,Tt/None,0,2.22568
6092,0,0.00379,0,0.00245,0.10014,0.10638,0.59518,0,3.5626997555931563,0,2.3030644858056024,Low,FC08,Sp/Sp,Sp/Sp,1,0.7103600000000001
6092,0,0.00379,0,0.00245,0.10014,0.10638,0.59518,0,3.5626997555931563,0,2.3030644858056024,Low,FC08,Sp/Sp,Sp/Sp,1,0.7103600000000001
6093,0.11911,0,0,0,0.21852,0.33763,2.06933,35.27826318751296,0,0,0,High,FC15,Tt/None,Tt/Tt,1,4.36117
6093,0.11911,0,0,0,0.21852,0.33763,2.06933,35.27826318751296,0,0,0,High,FC15,Tt/None,Tt/Tt,1,4.36117
6094,0.05851,0,0,0,0.09706999999999999,0.15558,2.20593,37.60766165316879,0,0,0,High,FC12,Sp/None,Tt/Tt,1,4.2109
6094,0.05851,0,0,0,0.09706999999999999,0.15558,2.20593,37.60766165316879,0,0,0,High,FC12,Sp/None,Tt/Tt,1,4.2109
6096,0,0,0,0,0.0443,0.0443,0.41374,0,0,0,0,Low,FC04,None/None,Tt/None,1,0.43969
6096,0,0,0,0,0.0443,0.0443,0.41374,0,0,0,0,Low,FC04,None/None,Tt/None,1,0.43969
6097,0.05505,0,8.1e-4,0,0.13727999999999999,0.19313999999999998,0.9662499999999999,28.50264057160609,0,0,0,High,FC05,Tt/Sp,Tt/Tt,1,1.75925
6097,0.05505,0,8.1e-4,0,0.13727999999999999,0.19313999999999998,0.9662499999999999,28.50264057160609,0,0,0,High,FC05,Tt/Sp,Tt/Tt,1,1.75925
6098,0,0.0014,0,2e-4,0.0868,0.0884,0.8471,0,1.583710407239819,0,0.2262443438914027,High,FC09,Sp/None,MIXED/THETE,1,0.981
6098,0,0.0014,0,2e-4,0.0868,0.0884,0.8471,0,1.583710407239819,0,0.2262443438914027,High,FC09,Sp/None,MIXED/THETE,1,0.981
6099,0.04142,0,0,0,0.1387,0.18012,1.91595,22.9957805907173,0,0,0,High,FC16,None/None,Tt/Tt,1,3.86633
6099,0.04142,0,0,0,0.1387,0.18012,1.91595,22.9957805907173,0,0,0,High,FC16,None/None,Tt/Tt,1,3.86633
6100,0.029449999999999997,0,0,0,0.09484,0.12428999999999998,0.6998599999999999,23.69458524418698,0,0,0,Low,FC01,Tt/None,Tt/Tt,1,0.58335
6100,0.029449999999999997,0,0,0,0.09484,0.12428999999999998,0.6998599999999999,23.69458524418698,0,0,0,Low,FC01,Tt/None,Tt/Tt,1,0.58335
6101,0.00604,0,0,0,0.04086,0.0469,0.7572300000000001,12.878464818763327,0,0,0,Low,FC08,None/None,Tt/None,1,0.79798
6101,0.00604,0,0,0,0.04086,0.0469,0.7572300000000001,12.878464818763327,0,0,0,Low,FC08,None/None,Tt/None,1,0.79798
6102,0.07458000000000001,0,0,0,0.09177,0.16635,2.2843,44.83318304779081,0,0,0,High,FC16,None/None,Tt/Tt,1,4.04212
6102,0.07458000000000001,0,0,0,0.09177,0.16635,2.2843,44.83318304779081,0,0,0,High,FC16,None/None,Tt/Tt,1,4.04212
6103,0.02105,0,0,0,0.0718,0.09285,1.53588,22.670974690360797,0,0,0,High,FC16,Tt/Tt,Tt/Tt,1,4.2744800000000005
6103,0.02105,0,0,0,0.0718,0.09285,1.53588,22.670974690360797,0,0,0,High,FC16,Tt/Tt,Tt/Tt,1,4.2744800000000005
6104,0.022309999999999997,0,4.5e-4,0,0.05789999999999999,0.08065999999999998,0.94719,27.659310686833628,0,0,0,Low,FC03,Sp/None,Tt/Tt,1,0.86702
6104,0.022309999999999997,0,4.5e-4,0,0.05789999999999999,0.08065999999999998,0.94719,27.659310686833628,0,0,0,Low,FC03,Sp/None,Tt/Tt,1,0.86702
6106,0.01337,0,0,0,0.08848,0.10185,1.20702,13.127147766323025,0,0,0,High,B04,Tt/Sp,Tt/Sp,0,3.06551
6106,0.01337,0,0,0,0.08848,0.10185,1.20702,13.127147766323025,0,0,0,High,B04,Tt/Sp,Tt/Sp,0,3.06551
6107,0.01315,0.00143,0,0,0.05748,0.07206,0.74847,18.248681654177076,1.984457396613933,0,0,None,B05,Tt/Sp,Tt/Sp,0,NA
6107,0.01315,0.00143,0,0,0.05748,0.07206,0.74847,18.248681654177076,1.984457396613933,0,0,None,B05,Tt/Sp,Tt/Sp,0,NA
