uniqueID,Plant,Side,dead_tissue.x,other.x,roots.x,Sp_myco_mass,Tt_myco_mass,<NA>.x,mycorrhizas.x,other.y,roots.y,Sp_dead_mass,Tt_dead_mass,<NA>.y,dead_tissue.y,mycorrhizas.y,uncolonized_root_mass,Sp_other_mass,Tt_other_mass,<NA>,percent_Tt_mycos,percent_Sp_mycos,percent_Tt_dead,percent_Sp_dead,N_level,Batch,compartment_fungus_attempted,compartment_fungus,competitors_attempted,competitors,enriched,total_root_biomass_compartment
6001A,6001,A,0.00312,NA,0.02099,0.00774,NA,NA,0.00774,NA,0.02099,0.00312,NA,NA,0.00312,0.00774,0.02099,NA,NA,NA,0,24.301412872841443,0,9.795918367346939,Low,FC04,Sp,Sp,Sp/None,Sp/None,1,0.15075
6001B,6001,B,NA,NA,0.02171,NA,NA,0,0,NA,0.02171,NA,NA,NA,NA,0,0.02171,NA,NA,NA,0,0,0,0,Low,FC04,None,None,Sp/None,Sp/None,1,0.21956
6002A,6002,A,NA,NA,0.02481,0.0801,NA,NA,0.0801,NA,0.02481,NA,NA,NA,NA,0.0801,0.02481,NA,NA,NA,0,76.35115813554475,0,0,High,FC07,Sp,Sp,Sp/Sp,MIXED/SUIPU,1,0.79001
6002B,6002,B,0.0097,NA,0.060219999999999996,0.0153,0.0129,NA,0.0129,NA,0.060219999999999996,0.0097,NA,NA,0.0097,0.0153,0.060219999999999996,NA,NA,NA,0,100,0,0,High,FC07,Sp,Mixed,Sp/Sp,MIXED/SUIPU,1,0.64542
6006A,6006,A,NA,NA,0.06016,NA,0.0131,NA,0.0131,NA,0.06016,NA,NA,NA,NA,0.0131,0.06016,NA,NA,NA,17.881517881517883,0,0,0,High,FC15,Tt,Tt,Tt/Tt,Tt/Tt,1,0.66489
6006B,6006,B,NA,NA,0.0303,NA,0.00873,NA,0.00873,NA,0.0303,NA,NA,NA,NA,0.00873,0.0303,NA,NA,NA,22.3674096848578,0,0,0,High,FC15,Tt,Tt,Tt/Tt,Tt/Tt,1,0.66093
6007A,6007,A,NA,NA,0.030969999999999998,NA,NA,0,0,NA,0.030969999999999998,NA,NA,NA,NA,0,0.030969999999999998,NA,NA,NA,0,0,0,0,Low,FC01,Tt,None,Tt/Sp,Sp/None,1,0.16283999999999998
6007B,6007,B,6.9e-4,NA,0.0356,0.01336,NA,NA,0.01336,NA,0.0356,6.9e-4,NA,NA,6.9e-4,0.01336,0.0356,NA,NA,NA,0,26.908358509566966,0,1.389728096676737,Low,FC01,Sp,Sp,Tt/Sp,Sp/None,1,0.2419
6008A,6008,A,NA,NA,0.0279,0,NA,NA,0,NA,0.0279,NA,NA,NA,NA,0,0.0279,NA,NA,NA,0,0,0,0,Low,FC06,Sp,Sp,Sp/Sp,Sp/Sp,1,0.1377
6008B,6008,B,NA,NA,0.03811,4.8e-4,NA,NA,4.8e-4,NA,0.03811,NA,NA,NA,NA,4.8e-4,0.03811,NA,NA,NA,0,1.2438455558434829,0,0,Low,FC06,Sp,Sp,Sp/Sp,Sp/Sp,1,0.12529
6010A,6010,A,NA,NA,0.09852999999999999,NA,0.01606,NA,0.01606,NA,0.09852999999999999,NA,NA,NA,NA,0.01606,0.09852999999999999,NA,NA,NA,14.015184571079503,0,0,0,High,FC16,Tt,Tt,Tt/None,Tt/None,1,0.78818
6010B,6010,B,NA,NA,0.1128,NA,NA,0,0,NA,0.1128,NA,NA,NA,NA,0,0.1128,NA,NA,NA,0,0,0,0,High,FC16,None,None,Tt/None,Tt/None,1,0.5902999999999999
6011A,6011,A,NA,NA,0.07805999999999999,NA,0.02296,NA,0.02296,NA,0.07805999999999999,NA,NA,NA,NA,0.02296,0.07805999999999999,NA,NA,NA,22.72817263908137,0,0,0,Low,FC13,Tt,Tt,Tt/Sp,Tt/Sp,1,0.13327
6011B,6011,B,0.00677,NA,0.07516,0,NA,NA,0,NA,0.07516,0.00677,NA,NA,0.00677,0,0.07516,NA,NA,NA,0,0,0,8.263151470767728,Low,FC13,Sp,Sp,Tt/Sp,Tt/Sp,1,0.50446
6012A,6012,A,0.0129,NA,0.0704,NA,0.0927,NA,0.0927,NA,0.0704,NA,0.0129,NA,0.0129,0.0927,0.0704,NA,NA,NA,52.67045454545455,0,7.329545454545454,0,High,FC02,Tt,Tt,Tt/Sp,Tt/Sp,1,0.17600000000000002
6012B,6012,B,0.0051,NA,0.0355,0.0038,NA,NA,0.0038,NA,0.0355,0.0051,NA,NA,0.0051,0.0038,0.0355,NA,NA,NA,0,8.558558558558559,0,11.486486486486488,High,FC02,Sp,Sp,Tt/Sp,Tt/Sp,1,0.58432
6013A,6013,A,0.00169,NA,0.02594,0.00227,NA,NA,0.00227,NA,0.02594,0.00169,NA,NA,0.00169,0.00227,0.02594,NA,NA,NA,0,7.591973244147156,0,5.6521739130434785,Low,FC10,Sp,Sp,Sp/None,Sp/None,1,0.31219
6013B,6013,B,NA,NA,0.49112,NA,NA,0,0,NA,0.49112,NA,NA,NA,NA,0,0.49112,NA,NA,NA,0,0,0,0,Low,FC10,None,None,Sp/None,Sp/None,1,0.52447
6014A,6014,A,NA,NA,0.02933,NA,NA,0,0,NA,0.02933,NA,NA,NA,NA,0,0.02933,NA,NA,NA,0,0,0,0,High,FC07,None,None,None/None,None/None,1,0.38138
6014B,6014,B,NA,NA,0.03839,NA,NA,0,0,NA,0.03839,NA,NA,NA,NA,0,0.03839,NA,NA,NA,0,0,0,0,High,FC07,None,None,None/None,None/None,1,0.28587999999999997
6015A,6015,A,0.0027,NA,0.0974,0.0639,NA,NA,0.0639,NA,0.0974,0.0027,NA,NA,0.0027,0.0639,0.0974,NA,NA,NA,0,38.96341463414634,0,1.6463414634146343,High,FC07,Sp,Sp,Sp/None,Tt/Sp,1,0.59377
6015B,6015,B,NA,NA,0.10456,NA,0.092,NA,0.092,NA,0.10456,NA,NA,NA,NA,0.092,0.10456,NA,NA,NA,46.8050468050468,0,0,0,High,FC07,None,Tt,Sp/None,Tt/Sp,1,1.08692
6016A,6016,A,NA,NA,0.0637,NA,0.05775,NA,0.05775,NA,0.0637,NA,NA,NA,NA,0.05775,0.0637,NA,NA,NA,47.55043227665706,0,0,0,Low,FC03,Tt,Tt,Tt/None,Tt/None,1,0.20239000000000001
6016B,6016,B,NA,NA,0.02443,NA,NA,0,0,NA,0.02443,NA,NA,NA,NA,0,0.02443,NA,NA,NA,0,0,0,0,Low,FC03,None,None,Tt/None,Tt/None,1,0.4849
6018B,6018,B,NA,NA,0.0474,NA,0.01757,NA,0.01757,NA,0.0474,NA,NA,NA,NA,0.01757,0.0474,NA,NA,NA,27.04325073110666,0,0,0,High,FC12,None,Tt,Tt/None,THETE,1,0.6961999999999999
6019A,6019,A,0.03587,NA,0.020040000000000002,0.0185,NA,NA,0,NA,0.020040000000000002,0.03587,NA,NA,0.03587,0.0185,0.020040000000000002,NA,NA,NA,0,100,0,0,Low,FC13,Sp,Sp,Sp/Sp,Sp/Sp,1,0.23658
6019B,6019,B,5.5e-4,NA,0.049569999999999996,0.00259,NA,NA,0,NA,0.049569999999999996,5.5e-4,NA,NA,5.5e-4,0.00259,0.049569999999999996,NA,NA,NA,0,100,0,0,Low,FC13,Sp,Sp,Sp/Sp,Sp/Sp,1,0.0846
6020A,6020,A,NA,NA,0.07132,0,NA,NA,0,NA,0.07132,NA,NA,NA,NA,0,0.07132,NA,NA,NA,0,0,0,0,Low,FC11,Sp,Sp,Sp/Sp,Sp/Sp,1,0.33236
6020B,6020,B,0.01921,NA,0.03295,0,NA,NA,0,NA,0.03295,0.01921,NA,NA,0.01921,0,0.03295,NA,NA,NA,0,0,0,36.82898773006135,Low,FC11,Sp,Sp,Sp/Sp,Sp/Sp,1,0.6106199999999999
6021A,6021,A,NA,NA,0.040319999999999995,NA,0.01844,NA,0.01844,NA,0.040319999999999995,NA,NA,NA,NA,0.01844,0.040319999999999995,NA,NA,NA,31.381892443839355,0,0,0,Low,FC13,Tt,Tt,Tt/None,Tt/Tt,1,0.30741
6021B,6021,B,NA,NA,0.09323000000000001,NA,0.0074400000000000004,NA,0.0074400000000000004,NA,0.09323000000000001,NA,NA,NA,NA,0.0074400000000000004,0.09323000000000001,NA,NA,NA,7.3904837588159324,0,0,0,Low,FC13,None,Tt,Tt/None,Tt/Tt,1,0.57512
6022A,6022,A,NA,NA,0.0451,NA,0.0427,NA,0.0427,NA,0.0451,NA,NA,NA,NA,0.0427,0.0451,NA,NA,NA,48.63325740318907,0,0,0,High,FC07,Tt,Tt,Tt/Tt,Tt/Tt,1,0.9674
6022B,6022,B,NA,NA,0.06075,NA,0.03,NA,0.03,NA,0.06075,NA,NA,NA,NA,0.03,0.06075,NA,NA,NA,33.057851239669425,0,0,0,High,FC07,Tt,Tt,Tt/Tt,Tt/Tt,1,0.80235
6023A,6023,A,NA,NA,0.0394,NA,0.0198,NA,0.0198,NA,0.0394,NA,NA,NA,NA,0.0198,0.0394,NA,NA,NA,33.44594594594595,0,0,0,High,FC14,Tt,Tt,Tt/Tt,Tt/Tt,1,0.39859999999999995
6023B,6023,B,NA,NA,0.0446,NA,0.0027,NA,0.0027,NA,0.0446,NA,NA,NA,NA,0.0027,0.0446,NA,NA,NA,5.708245243128964,0,0,0,High,FC14,Tt,Tt,Tt/Tt,Tt/Tt,1,0.7535000000000001
6024A,6024,A,NA,NA,0.10700000000000001,NA,0.0259,NA,0.0259,NA,0.10700000000000001,NA,NA,NA,NA,0.0259,0.10700000000000001,NA,NA,NA,19.488337095560567,0,0,0,High,FC14,Tt,Tt,Tt/None,Tt/Tt,1,0.7045
6024B,6024,B,NA,NA,0.0393,NA,0.0189,NA,0.0189,NA,0.0393,NA,NA,NA,NA,0.0189,0.0393,NA,NA,NA,32.47422680412371,0,0,0,High,FC14,None,Tt,Tt/None,Tt/Tt,1,0.9613
6025A,6025,A,NA,NA,0.042460000000000005,NA,0.01655,NA,0.01655,NA,0.042460000000000005,NA,NA,NA,NA,0.01655,0.042460000000000005,NA,NA,NA,28.04609388239281,0,0,0,High,FC07,Tt,Tt,Tt/Sp,Tt/Sp,1,0.9677
6025B,6025,B,0.01904,NA,0.05161,0.01307,NA,NA,0.01307,NA,0.05161,0.01904,NA,NA,0.01904,0.01307,0.05161,NA,NA,NA,0,15.611562350692784,0,22.742474916387962,High,FC07,Sp,Sp,Tt/Sp,Tt/Sp,1,0.75922
6026A,6026,A,NA,NA,0.09192,NA,0.02705,NA,0.02705,NA,0.09192,NA,NA,NA,NA,0.02705,0.09192,NA,NA,NA,22.736824409515002,0,0,0,High,FC15,Tt,Tt,Tt/Sp,Tt/Tt,1,0.8750600000000001
6026B,6026,B,NA,NA,0.05633,NA,0.00917,NA,0.00917,NA,0.05633,NA,NA,NA,NA,0.00917,0.05633,NA,NA,NA,13.999999999999998,0,0,0,High,FC15,Sp,Tt,Tt/Sp,Tt/Tt,1,0.32393
6027A,6027,A,NA,NA,0.055760000000000004,NA,0.04506,NA,0.04506,NA,0.055760000000000004,NA,NA,NA,NA,0.04506,0.055760000000000004,NA,NA,NA,44.693513191827016,0,0,0,High,FC15,Tt,Tt,Tt/Sp,THETE,1,0.95077
6028A,6028,A,0.0274,NA,0.05705,0.0061,0.0318,NA,0.0061,NA,0.05705,NA,0.0274,NA,0.0274,0.0318,0.05705,NA,NA,NA,35.790658413055716,0,0,0,High,FC09,Sp,Mixed,Sp/None,MIXED/THETE,1,0.96705
6028B,6028,B,0.0105,NA,0.0385,NA,0.0629,NA,0.0629,NA,0.0385,NA,0.0105,NA,0.0105,0.0629,0.0385,NA,NA,NA,56.21090259159964,0,9.383378016085793,0,High,FC09,None,Tt,Sp/None,MIXED/THETE,1,0.8911
6029A,6029,A,NA,NA,0.04313,NA,9e-5,NA,9e-5,NA,0.04313,NA,NA,NA,NA,9e-5,0.04313,NA,NA,NA,0.20823692734844979,0,0,0,Low,FC08,Tt,Tt,Tt/Tt,Tt/Tt,1,0.10289
6029B,6029,B,NA,NA,0.03923,NA,0.00153,NA,0.00153,NA,0.03923,NA,NA,NA,NA,0.00153,0.03923,NA,NA,NA,3.7536800785083417,0,0,0,Low,FC08,Tt,Tt,Tt/Tt,Tt/Tt,1,0.31665
6030A,6030,A,NA,NA,0.07332,NA,0.0072,NA,0.0072,NA,0.07332,NA,NA,NA,NA,0.0072,0.07332,NA,NA,NA,8.941877794336811,0,0,0,Low,FC11,Tt,Tt,Tt/Tt,Tt/Tt,1,0.32902
6030B,6030,B,NA,NA,0.040330000000000005,NA,0.00637,NA,0.00637,NA,0.040330000000000005,NA,NA,NA,NA,0.00637,0.040330000000000005,NA,NA,NA,13.640256959314772,0,0,0,Low,FC11,Tt,Tt,Tt/Tt,Tt/Tt,1,0.60574
6031A,6031,A,NA,NA,0.017980000000000003,NA,0.00805,NA,0.00805,NA,0.017980000000000003,NA,NA,NA,NA,0.00805,0.017980000000000003,NA,NA,NA,30.925854782942753,0,0,0,Low,FC04,Tt,Tt,Tt/None,Tt/None,1,0.37408
6031B,6031,B,NA,NA,0.049240000000000006,NA,NA,0.0034,0.0034,NA,0.049240000000000006,NA,NA,NA,NA,0.0034,0.049240000000000006,NA,NA,NA,0,0,0,0,Low,FC04,None,None,Tt/None,Tt/None,1,0.12464
6032A,6032,A,NA,NA,0.03577,NA,0.02623,NA,0.02623,NA,0.03577,NA,NA,NA,NA,0.02623,0.03577,NA,NA,NA,42.306451612903224,0,0,0,Low,FC04,Tt,Tt,Tt/Tt,Tt/Tt,1,0.4127
6032B,6032,B,NA,NA,0.04517,NA,0.02386,NA,0.02386,NA,0.04517,NA,NA,NA,NA,0.02386,0.04517,NA,NA,NA,34.564682022309135,0,0,0,Low,FC04,Tt,Tt,Tt/Tt,Tt/Tt,1,0.33479
6033A,6033,A,0.00296,NA,0.02336,0.0094,NA,NA,0.0094,NA,0.02336,0.00296,NA,NA,0.00296,0.0094,0.02336,NA,NA,NA,0,26.315789473684216,0,8.28667413213886,Low,FC01,Sp,Sp,Sp/Sp,Sp/Sp,1,0.19145
6033B,6033,B,NA,NA,0.05809,0.00314,NA,NA,0.00314,NA,0.05809,NA,NA,NA,NA,0.00314,0.05809,NA,NA,NA,0,5.128205128205128,0,0,Low,FC01,Sp,Sp,Sp/Sp,Sp/Sp,1,0.16096
6034A,6034,A,NA,NA,0.040190000000000003,NA,0.02442,NA,0.02442,NA,0.040190000000000003,NA,NA,NA,NA,0.02442,0.040190000000000003,NA,NA,NA,37.79600681009132,0,0,0,High,FC05,Tt,Tt,Tt/Sp,MIXED/THETE,1,0.46328
6034B,6034,B,0.02213,NA,0.053720000000000004,0.01653,0.00737,NA,0.00737,NA,0.053720000000000004,NA,0.02213,NA,0.02213,0.00737,0.053720000000000004,NA,NA,NA,8.856044220139388,0,26.592165344869024,0,High,FC05,Sp,Mixed,Tt/Sp,MIXED/THETE,1,0.32173
6035A,6035,A,NA,NA,0.01781,NA,8.5e-4,NA,8.5e-4,NA,0.01781,NA,NA,NA,NA,8.5e-4,0.01781,NA,NA,NA,4.555198285101822,0,0,0,Low,FC13,Tt,Tt,Tt/Tt,Tt/Tt,1,0.43214
6035B,6035,B,NA,NA,0.02195,NA,0.00437,NA,0.00437,NA,0.02195,NA,NA,NA,NA,0.00437,0.02195,NA,NA,NA,16.60334346504559,0,0,0,Low,FC13,Tt,Tt,Tt/Tt,Tt/Tt,1,0.16472
6036A,6036,A,0.0037,NA,0.04554,3e-4,NA,NA,3e-4,NA,0.04554,0.0037,NA,NA,0.0037,3e-4,0.04554,NA,NA,NA,0,0.6055712555510697,0,7.468712151796527,Low,FC11,Sp,Sp,Sp/None,Sp/Sp,1,0.37178
6036B,6036,B,1.6e-4,NA,0.04259,0,NA,NA,0,NA,0.04259,1.6e-4,NA,NA,1.6e-4,0,0.04259,NA,NA,NA,0,0,0,0.37426900584795325,Low,FC11,None,Sp,Sp/None,Sp/Sp,1,0.26703
6038A,6038,A,NA,NA,0.18480000000000002,NA,0.0095,NA,0.0095,NA,0.18480000000000002,NA,NA,NA,NA,0.0095,0.18480000000000002,NA,NA,NA,4.889346371590323,0,0,0,High,FC14,Tt,Tt,Tt/Tt,Tt/Tt,1,1.1401999999999999
6038B,6038,B,NA,NA,0.036699999999999997,NA,0.0325,NA,0.0325,NA,0.036699999999999997,NA,NA,NA,NA,0.0325,0.036699999999999997,NA,NA,NA,46.96531791907515,0,0,0,High,FC14,Tt,Tt,Tt/Tt,Tt/Tt,1,1.1055
6039A,6039,A,NA,NA,0.03635,NA,0.01556,NA,0.01556,NA,0.03635,NA,NA,NA,NA,0.01556,0.03635,NA,NA,NA,29.974956655750333,0,0,0,Low,FC10,Tt,Tt,Tt/None,Tt/None,1,0.48701
6039B,6039,B,NA,NA,0.05432,NA,NA,0,0,NA,0.05432,NA,NA,NA,NA,0,0.05432,NA,NA,NA,0,0,0,0,Low,FC10,None,None,Tt/None,Tt/None,1,0.46457
6040A,6040,A,NA,NA,0.031,NA,0.2364,NA,0.2364,NA,0.031,NA,NA,NA,NA,0.2364,0.031,NA,NA,NA,88.40688107703815,0,0,0,High,FC09,Tt,Tt,Tt/None,Tt/None,1,0.61
6040B,6040,B,NA,NA,0.04905,NA,NA,0,0,NA,0.04905,NA,NA,NA,NA,0,0.04905,NA,NA,NA,0,0,0,0,High,FC09,None,None,Tt/None,Tt/None,1,0.37764
6041A,6041,A,0.0037,NA,0.046,0.0205,NA,NA,0.0205,NA,0.046,0.0037,NA,NA,0.0037,0.0205,0.046,NA,NA,NA,0,29.2022792022792,0,5.270655270655271,High,FC07,Sp,Sp,Sp/None,Tt/Sp,1,0.518
6041B,6041,B,NA,NA,0.0352,NA,0.0018,NA,0.0018,NA,0.0352,NA,NA,NA,NA,0.0018,0.0352,NA,NA,NA,4.864864864864864,0,0,0,High,FC07,None,Tt,Sp/None,Tt/Sp,1,0.28609999999999997
6043A,6043,A,NA,NA,0.1021,0.0162,NA,NA,0.0162,NA,0.1021,NA,NA,NA,NA,0.0162,0.1021,NA,NA,NA,0,13.693998309382927,0,0,High,FC02,Sp,Sp,Sp/Sp,Sp/Sp,1,0.41282
6043B,6043,B,0.00316,NA,0.04733,0.00207,NA,NA,0.00207,NA,0.04733,0.00316,NA,NA,0.00316,0.00207,0.04733,NA,NA,NA,0,3.9383561643835607,0,6.012176560121765,High,FC02,Sp,Sp,Sp/Sp,Sp/Sp,1,0.65135
6044A,6044,A,NA,NA,0.032529999999999996,NA,0.01025,NA,0.01025,NA,0.032529999999999996,NA,NA,NA,NA,0.01025,0.032529999999999996,NA,NA,NA,23.95979429640019,0,0,0,Low,FC13,None,Tt,None/None,Tt/Tt,1,0.31972
6044B,6044,B,NA,NA,0.02524,NA,0.0018600000000000001,NA,0.0018600000000000001,NA,0.02524,NA,NA,NA,NA,0.0018600000000000001,0.02524,NA,NA,NA,6.863468634686347,0,0,0,Low,FC13,None,Tt,None/None,Tt/Tt,1,0.13027
6045A,6045,A,0.00144,NA,0.05926,NA,0.01733,NA,0.01733,NA,0.05926,NA,0.00144,NA,0.00144,0.01733,0.05926,NA,NA,NA,22.209406638472384,0,1.845444059976932,0,Low,FC03,Tt,Tt,Tt/Tt,Tt/Tt,1,0.38039
6045B,6045,B,NA,NA,0.032869999999999996,NA,0.03315,NA,0.03315,NA,0.032869999999999996,NA,NA,NA,NA,0.03315,0.032869999999999996,NA,NA,NA,50.21205695243866,0,0,0,Low,FC03,Tt,Tt,Tt/Tt,Tt/Tt,1,0.21984
6048A,6048,A,NA,NA,0.00795,NA,NA,0,0,NA,0.00795,NA,NA,NA,NA,0,0.00795,NA,NA,NA,0,0,0,0,High,FC02,Sp,None,Sp/Sp,Tt/None,1,0.07287
6048B,6048,B,NA,NA,0.0211,NA,0.00354,NA,0.00354,NA,0.0211,NA,NA,NA,NA,0.00354,0.0211,NA,NA,NA,14.366883116883116,0,0,0,High,FC02,Sp,Tt,Sp/Sp,Tt/None,1,0.1578
6049A,6049,A,0.02036,NA,0.08981,NA,0.0172,NA,0.0172,NA,0.08981,NA,0.02036,NA,0.02036,0.0172,0.08981,NA,NA,NA,13.503964826882314,0,15.984925806704878,0,High,FC02,Tt,Tt,Tt/None,Tt/None,1,0.7023699999999999
6049B,6049,B,NA,NA,0.03994,NA,NA,0,0,NA,0.03994,NA,NA,NA,NA,0,0.03994,NA,NA,NA,0,0,0,0,High,FC02,None,None,Tt/None,Tt/None,1,0.68338
6050A,6050,A,0.00794,NA,0.03553,0.01354,NA,NA,0.01354,NA,0.03553,0.00794,NA,NA,0.00794,0.01354,0.03553,NA,NA,NA,0,23.750219259778984,0,13.927381161199786,High,FC05,Sp,Sp,Sp/Sp,Sp/Sp,1,0.51048
6050B,6050,B,0.02985,NA,0.03931,0.02736,NA,NA,0.02736,NA,0.03931,0.02985,NA,NA,0.02985,0.02736,0.03931,NA,NA,NA,0,28.346456692913385,0,30.926232905097393,High,FC05,Sp,Sp,Sp/Sp,Sp/Sp,1,0.79656
6051A,6051,A,NA,NA,0.05215,NA,NA,0,0,NA,0.05215,NA,NA,NA,NA,0,0.05215,NA,NA,NA,0,0,0,0,High,FC09,Sp,None,Sp/None,Tt/None,1,0.15386
6051B,6051,B,NA,NA,0.02715,NA,0.0218,NA,0.0218,NA,0.02715,NA,NA,NA,NA,0.0218,0.02715,NA,NA,NA,44.535240040858014,0,0,0,High,FC09,None,Tt,Sp/None,Tt/None,1,0.44975
6052A,6052,A,NA,NA,0.038060000000000004,NA,0.01834,NA,0.01834,NA,0.038060000000000004,NA,NA,NA,NA,0.01834,0.038060000000000004,NA,NA,NA,32.51773049645389,0,0,0,High,FC12,Tt,Tt,Tt/Sp,MIXED/THETE,1,0.60744
6052B,6052,B,NA,NA,0.05236,3.9e-4,0.0055,NA,3.9e-4,NA,0.05236,NA,NA,NA,NA,3.9e-4,0.05236,NA,NA,NA,100,0,0,0,High,FC12,Sp,Mixed,Tt/Sp,MIXED/THETE,1,0.6225299999999999
6053A,6053,A,NA,NA,0.046400000000000004,NA,0.01596,NA,0.01596,NA,0.046400000000000004,NA,NA,NA,NA,0.01596,0.046400000000000004,NA,NA,NA,25.593329057087878,0,0,0,Low,FC08,Tt,Tt,Tt/Sp,Tt/Sp,1,0.24942999999999999
6053B,6053,B,0.01541,NA,0.04428,0.00544,NA,NA,0.00544,NA,0.04428,0.01541,NA,NA,0.01541,0.00544,0.04428,NA,NA,NA,0,8.35252571779518,0,23.660371564563185,Low,FC08,Sp,Sp,Tt/Sp,Tt/Sp,1,0.38277
6054A,6054,A,NA,NA,0.0235,NA,0.0097,NA,0.0097,NA,0.0235,NA,NA,NA,NA,0.0097,0.0235,NA,NA,NA,29.21686746987952,0,0,0,Low,FC06,Tt,Tt,Tt/None,Tt/None,1,0.3327
6054B,6054,B,NA,NA,0.0273,NA,NA,0,0,NA,0.0273,NA,NA,NA,NA,0,0.0273,NA,NA,NA,0,0,0,0,Low,FC06,None,None,Tt/None,Tt/None,1,0.21459999999999999
6055A,6055,A,0.00445,NA,0.0451,NA,0.01212,NA,0.01212,NA,0.0451,NA,0.00445,NA,0.00445,0.01212,0.0451,NA,NA,NA,19.652991730176748,0,7.2158261715582945,0,High,FC09,Tt,Tt,Tt/Tt,Tt/Tt,1,0.49276
6055B,6055,B,3e-4,NA,0.1076,NA,0.0192,NA,0.0192,NA,0.1076,NA,3e-4,NA,3e-4,0.0192,0.1076,NA,NA,NA,15.106215578284814,0,0.23603461841070023,0,High,FC09,Tt,Tt,Tt/Tt,Tt/Tt,1,0.5878
6056A,6056,A,0.00358,0.01228,0.01585,7e-4,0,NA,0,0.01228,0.01585,0.00358,NA,NA,0.00358,7e-4,0.01585,NA,0.01228,NA,0,100,0,0,Low,FC10,Sp,Mixed,Sp/None,MIXED/SUIPU,1,0.19634000000000001
6056B,6056,B,NA,NA,0.02185,0.01282,NA,NA,0.01282,NA,0.02185,NA,NA,NA,NA,0.01282,0.02185,NA,NA,NA,0,36.97721372944909,0,0,Low,FC10,None,Sp,Sp/None,MIXED/SUIPU,1,0.41708999999999996
6057A,6057,A,0.00511,NA,0.02152,0.00259,0.01115,NA,0.00259,NA,0.02152,NA,0.00511,NA,0.00511,0.01115,0.02152,NA,NA,NA,34.12917049280686,0,0,0,Low,FC01,Sp,Mixed,Sp/None,MIXED/THETE,1,0.17869000000000002
6057B,6057,B,NA,NA,0.04595,NA,0.02002,NA,0.02002,NA,0.04595,NA,NA,NA,NA,0.02002,0.04595,NA,NA,NA,30.347127482188874,0,0,0,Low,FC01,None,Tt,Sp/None,MIXED/THETE,1,0.13857
6058A,6058,A,NA,NA,0.03195,NA,NA,0,0,NA,0.03195,NA,NA,NA,NA,0,0.03195,NA,NA,NA,0,0,0,0,Low,FC13,None,None,None/None,None/None,1,0.26985
6058B,6058,B,NA,NA,0.07091,NA,NA,0,0,NA,0.07091,NA,NA,NA,NA,0,0.07091,NA,NA,NA,0,0,0,0,Low,FC13,None,None,None/None,None/None,1,0.2958
6061A,6061,A,NA,NA,0.0222,NA,NA,0,0,NA,0.0222,NA,NA,NA,NA,0,0.0222,NA,NA,NA,0,0,0,0,Low,FC01,None,None,None/None,Tt/None,1,0.29653999999999997
6061B,6061,B,NA,NA,0.05926,NA,0.00306,NA,0.00306,NA,0.05926,NA,NA,NA,NA,0.00306,0.05926,NA,NA,NA,4.910141206675224,0,0,0,Low,FC01,None,Tt,None/None,Tt/Tt,1,0.33452
6062A,6062,A,9e-4,NA,0.040459999999999996,0.00143,NA,NA,0.00143,NA,0.040459999999999996,9e-4,NA,NA,9e-4,0.00143,0.040459999999999996,NA,NA,NA,0,3.3419023136246793,0,2.103295162421127,Low,FC03,Sp,Sp,Sp/Sp,Sp/None,1,0.23319
6062B,6062,B,5.6e-4,NA,0.04939,NA,NA,0,0,NA,0.04939,NA,NA,5.6e-4,5.6e-4,0,0.04939,NA,NA,NA,0,0,0,0,Low,FC03,Sp,None,Sp/Sp,Sp/None,1,0.35437
6063A,6063,A,0.0031,NA,0.06801,0.0122,NA,NA,0.0122,NA,0.06801,0.0031,NA,NA,0.0031,0.0122,0.06801,NA,NA,NA,0,14.644100348097467,0,3.721041891729684,High,FC02,Sp,Sp,Sp/Sp,Sp/None,1,0.18411
6063B,6063,B,NA,NA,0.0335,NA,NA,0,0,NA,0.0335,NA,NA,NA,NA,0,0.0335,NA,NA,NA,0,0,0,0,High,FC02,Sp,None,Sp/Sp,Sp/None,1,0.4915
6064A,6064,A,0.0124,NA,0.04229,0.00185,NA,NA,0.00185,NA,0.04229,0.0124,NA,NA,0.0124,0.00185,0.04229,NA,NA,NA,0,3.27201980898479,0,21.93137601697913,High,FC05,Sp,Sp,Sp/Sp,Tt/Sp,1,0.2125
6064B,6064,B,NA,NA,0.032189999999999996,NA,0.00667,NA,0.00667,NA,0.032189999999999996,NA,NA,NA,NA,0.00667,0.032189999999999996,NA,NA,NA,17.16417910447761,0,0,0,High,FC05,Sp,Tt,Sp/Sp,Tt/Sp,1,0.60066
6065A,6065,A,NA,NA,0.03701,NA,0.04468,NA,0.04468,NA,0.03701,NA,NA,NA,NA,0.04468,0.03701,NA,NA,NA,54.694577059615625,0,0,0,High,FC12,None,Tt,None/None,Tt/Tt,1,1.10495
6065B,6065,B,NA,NA,0.12567,NA,0.01168,NA,0.01168,NA,0.12567,NA,NA,NA,NA,0.01168,0.12567,NA,NA,NA,8.503822351656352,0,0,0,High,FC12,None,Tt,None/None,Tt/Tt,1,0.60887
6066A,6066,A,NA,NA,0.0557,NA,0.03796,NA,0.03796,NA,0.0557,NA,NA,NA,NA,0.03796,0.0557,NA,NA,NA,40.52957505872305,0,0,0,High,FC12,Tt,Tt,Tt/Sp,Tt/Tt,1,0.71151
6066B,6066,B,NA,NA,0.03839,NA,0.00971,NA,0.00971,NA,0.03839,NA,NA,NA,NA,0.00971,0.03839,NA,NA,NA,20.187110187110186,0,0,0,High,FC12,Sp,Tt,Tt/Sp,Tt/Tt,1,0.61816
6067A,6067,A,NA,NA,0.0349,NA,0.01886,NA,0.01886,NA,0.0349,NA,NA,NA,NA,0.01886,0.0349,NA,NA,NA,35.081845238095234,0,0,0,Low,FC03,Tt,Tt,Tt/Sp,MIXED/THETE,1,0.39653999999999995
6067B,6067,B,0.00488,NA,0.01476,0.00213,0.02345,NA,0.00213,NA,0.01476,0.00488,NA,NA,0.00488,0.00213,0.01476,NA,NA,NA,0,30.385164051355208,0,69.6148359486448,Low,FC03,Sp,Mixed,Tt/Sp,MIXED/THETE,1,0.18661
6068A,6068,A,NA,NA,0.03422,NA,NA,0,0,NA,0.03422,NA,NA,NA,NA,0,0.03422,NA,NA,NA,0,0,0,0,High,FC05,None,None,None/None,Tt/None,1,0.52616
6068B,6068,B,0.0053,NA,0.036449999999999996,NA,0.01874,NA,0.01874,NA,0.036449999999999996,NA,0.0053,NA,0.0053,0.01874,0.036449999999999996,NA,NA,NA,30.98032732683088,0,8.761778806414284,0,High,FC05,None,Tt,None/None,Tt/None,1,0.32469
6069A,6069,A,NA,NA,0.02879,NA,0.00352,NA,0.00352,NA,0.02879,NA,NA,NA,NA,0.00352,0.02879,NA,NA,NA,10.89445991952956,0,0,0,Low,FC11,Tt,Tt,Tt/None,Tt/None,1,0.3592
6069B,6069,B,NA,NA,0.07164,NA,NA,0,0,NA,0.07164,NA,NA,NA,NA,0,0.07164,NA,NA,NA,0,0,0,0,Low,FC11,None,None,Tt/None,Tt/None,1,0.23498999999999998
6070A,6070,A,NA,NA,0.0298,NA,0.0118,NA,0.0118,NA,0.0298,NA,NA,NA,NA,0.0118,0.0298,NA,NA,NA,28.365384615384613,0,0,0,High,FC14,Sp,Tt,Sp/None,Tt/Tt,1,0.9008999999999999
6070B,6070,B,NA,NA,0.0556,NA,0.0191,NA,0.0191,NA,0.0556,NA,NA,NA,NA,0.0191,0.0556,NA,NA,NA,25.568942436412318,0,0,0,High,FC14,None,Tt,Sp/None,Tt/Tt,1,1.105
6071A,6071,A,NA,NA,0.01718,NA,0.02043,NA,0.02043,NA,0.01718,NA,NA,NA,NA,0.02043,0.01718,NA,NA,NA,54.32065939909598,0,0,0,Low,FC11,Tt,Tt,Tt/Sp,Tt/Sp,1,0.33214
6071B,6071,B,NA,NA,0.03737,0.0024,NA,NA,0.0024,NA,0.03737,NA,NA,NA,NA,0.0024,0.03737,NA,NA,NA,0,6.034699522252954,0,0,Low,FC11,Sp,Sp,Tt/Sp,Tt/Sp,1,0.39552000000000004
6072A,6072,A,NA,NA,0.0122,NA,0.0174,NA,0.0174,NA,0.0122,NA,NA,NA,NA,0.0174,0.0122,NA,NA,NA,58.783783783783775,0,0,0,Low,FC10,Tt,Tt,Tt/Tt,Tt/Tt,1,0.09910000000000001
6072B,6072,B,NA,NA,0.07153,NA,0.0209,NA,0.0209,NA,0.07153,NA,NA,NA,NA,0.0209,0.07153,NA,NA,NA,22.61170615600995,0,0,0,Low,FC10,Tt,Tt,Tt/Tt,Tt/Tt,1,0.59633
6073A,6073,A,NA,NA,0.00646,NA,0.032,NA,0.032,NA,0.00646,NA,NA,NA,NA,0.032,0.00646,NA,NA,NA,83.20332813312532,0,0,0,High,B01,Tt,Tt,Tt/None,Tt/Tt,0,0.05291
6073B,6073,B,NA,NA,0.17317000000000002,NA,0.01424,NA,0.01424,NA,0.17317000000000002,NA,NA,NA,NA,0.01424,0.17317000000000002,NA,NA,NA,7.598313857318178,0,0,0,High,B01,None,Tt,Tt/None,Tt/Tt,0,0.66973
6074A,6074,A,NA,NA,0.02876,NA,NA,0,0,NA,0.02876,NA,NA,NA,NA,0,0.02876,NA,NA,NA,0,0,0,0,Low,FC08,None,None,None/None,None/None,1,0.45231
6074B,6074,B,NA,NA,0.01858,NA,NA,0,0,NA,0.01858,NA,NA,NA,NA,0,0.01858,NA,NA,NA,0,0,0,0,Low,FC08,None,None,None/None,None/None,1,0.25514
6075A,6075,A,NA,NA,0.017300000000000003,NA,0.0065,NA,0.0065,NA,0.017300000000000003,NA,NA,NA,NA,0.0065,0.017300000000000003,NA,NA,NA,27.310924369747898,0,0,0,Low,FC10,Tt,Tt,Tt/Tt,Tt/Tt,1,0.4779
6075B,6075,B,NA,NA,0.0149,NA,0.00294,NA,0.00294,NA,0.0149,NA,NA,NA,NA,0.00294,0.0149,NA,NA,NA,16.479820627802688,0,0,0,Low,FC10,Tt,Tt,Tt/Tt,Tt/Tt,1,0.26822
6076A,6076,A,NA,NA,0.0327,NA,NA,0,0,NA,0.0327,NA,NA,NA,NA,0,0.0327,NA,NA,NA,0,0,0,0,Low,FC10,Sp,None,Sp/None,Tt/None,1,0.0681
6076B,6076,B,NA,NA,0.0406,NA,0,NA,0,NA,0.0406,NA,NA,NA,NA,0,0.0406,NA,NA,NA,0,0,0,0,Low,FC10,None,Tt,Sp/None,Tt/None,1,0.4717
6077A,6077,A,6.5e-4,NA,0.043739999999999994,0.00876,NA,NA,0,NA,0.043739999999999994,6.5e-4,NA,NA,6.5e-4,0.00876,0.043739999999999994,NA,NA,NA,0,100,0,0,Low,FC03,Sp,Sp,Sp/Sp,Sp/Sp,1,0.5914900000000001
6077B,6077,B,0.00817,NA,0.025800000000000003,0,NA,NA,0,NA,0.025800000000000003,0.00817,NA,NA,0.00817,0,0.025800000000000003,NA,NA,NA,0,0,0,100,Low,FC03,Sp,Sp,Sp/Sp,Sp/Sp,1,0.21444000000000002
6078A,6078,A,NA,NA,0.021589999999999998,NA,0.01268,NA,0.01268,NA,0.021589999999999998,NA,NA,NA,NA,0.01268,0.021589999999999998,NA,NA,NA,37.000291800408526,0,0,0,Low,FC04,Tt,Tt,Tt/Sp,Tt/Sp,1,0.08916
6078B,6078,B,0.00644,NA,0.03691,0.00375,NA,NA,0.00375,NA,0.03691,0.00644,NA,NA,0.00644,0.00375,0.03691,NA,NA,NA,0,7.961783439490445,0,13.67303609341826,Low,FC04,Sp,Sp,Tt/Sp,Tt/Sp,1,0.31198000000000004
6079A,6079,A,0.0114,NA,0.07999999999999999,0.0062,NA,NA,0.0062,NA,0.07999999999999999,0.0114,NA,NA,0.0114,0.0062,0.07999999999999999,NA,NA,NA,0,6.352459016393443,0,11.68032786885246,Low,FC06,Sp,Sp,Sp/None,Sp/None,1,0.2833
6079B,6079,B,NA,NA,0.0288,NA,NA,0,0,NA,0.0288,NA,NA,NA,NA,0,0.0288,NA,NA,NA,0,0,0,0,Low,FC06,None,None,Sp/None,Sp/None,1,0.158
6080A,6080,A,NA,NA,0.034100000000000005,NA,0.01527,NA,0.01527,NA,0.034100000000000005,NA,NA,NA,NA,0.01527,0.034100000000000005,NA,NA,NA,30.929714401458376,0,0,0,Low,FC06,Tt,Tt,Tt/Tt,Tt/Tt,1,0.36227000000000004
6080B,6080,B,NA,NA,0.0287,NA,0.0087,NA,0.0087,NA,0.0287,NA,NA,NA,NA,0.0087,0.0287,NA,NA,NA,23.262032085561493,0,0,0,Low,FC06,Tt,Tt,Tt/Tt,Tt/Tt,1,0.4017
6082A,6082,A,NA,NA,0.0057,NA,NA,0,0,NA,0.0057,NA,NA,NA,NA,0,0.0057,NA,NA,NA,0,0,0,0,High,FC02,None,Failed,None/None,FAILED,1,0.0057
6082B,6082,B,0.001,NA,0.0258,NA,NA,0.0113,0.0113,NA,0.0258,NA,NA,0.001,0.001,0.0113,0.0258,NA,NA,NA,0,0,0,0,High,FC02,None,Failed,None/None,FAILED,1,1.0059
6084A,6084,A,0.0184,NA,0.027290000000000002,0.0179,NA,NA,0.0179,NA,0.027290000000000002,0.0184,NA,NA,0.0184,0.0179,0.027290000000000002,NA,NA,NA,0,28.149080044032075,0,28.93536719610001,Low,FC04,Sp,Sp,Sp/Sp,Sp/Sp,1,0.72417
6084B,6084,B,0.00753,NA,0.02579,0.0041,NA,NA,0.0041,NA,0.02579,0.00753,NA,NA,0.00753,0.0041,0.02579,NA,NA,NA,0,10.956707642971674,0,20.122928915018708,Low,FC04,Sp,Sp,Sp/Sp,Sp/Sp,1,0.77091
6085A,6085,A,NA,NA,0.0353,NA,0.0342,NA,0.0342,NA,0.0353,NA,NA,NA,NA,0.0342,0.0353,NA,NA,NA,49.20863309352518,0,0,0,Low,FC06,Tt,Tt,Tt/Sp,Tt/Sp,1,0.1631
6085B,6085,B,0.0033,NA,0.02194,0.0015,NA,NA,0.0015,NA,0.02194,0.0033,NA,NA,0.0033,0.0015,0.02194,NA,NA,NA,0,5.609573672400897,0,12.341062079281972,Low,FC06,Sp,Sp,Tt/Sp,Tt/Sp,1,0.36584
6087A,6087,A,0.0099,NA,0.0771,NA,0.0216,NA,0.0216,NA,0.0771,NA,0.0099,NA,0.0099,0.0216,0.0771,NA,NA,NA,19.88950276243094,0,9.116022099447513,0,High,FC09,Tt,Tt,Tt/Tt,Tt/Tt,1,0.5992
6087B,6087,B,0.0075,NA,0.0538,NA,0.0235,NA,0.0235,NA,0.0538,NA,0.0075,NA,0.0075,0.0235,0.0538,NA,NA,NA,27.712264150943394,0,8.844339622641508,0,High,FC09,Tt,Tt,Tt/Tt,Tt/Tt,1,0.7513
6088A,6088,A,NA,NA,0.01399,NA,0.01057,NA,0.01057,NA,0.01399,NA,NA,NA,NA,0.01057,0.01399,NA,NA,NA,43.037459283387626,0,0,0,Low,FC01,None,Tt,None/None,Tt/Tt,1,0.44670000000000004
6088B,6088,B,NA,NA,0.02207,NA,0.00704,NA,0.00704,NA,0.02207,NA,NA,NA,NA,0.00704,0.02207,NA,NA,NA,24.184129165235316,0,0,0,Low,FC01,None,Tt,None/None,Tt/Tt,1,0.36903
6090A,6090,A,NA,NA,0.04592,NA,0.03334,NA,0.03334,NA,0.04592,NA,NA,NA,NA,0.03334,0.04592,NA,NA,NA,42.064092858945244,0,0,0,High,FC12,Tt,Tt,Tt/None,Tt/None,1,0.87332
6090B,6090,B,NA,NA,0.04947,NA,NA,0,0,NA,0.04947,NA,NA,NA,NA,0,0.04947,NA,NA,NA,0,0,0,0,High,FC12,None,None,Tt/None,Tt/None,1,0.78506
6091A,6091,A,NA,NA,0.04258,NA,0.07396,NA,0.07396,NA,0.04258,NA,NA,NA,NA,0.07396,0.04258,NA,NA,NA,63.46318860477089,0,0,0,High,B03,Sp,Tt,Sp/None,Tt/None,0,0.51215
6091B,6091,B,NA,NA,0.03595,NA,NA,0,0,NA,0.03595,NA,NA,NA,NA,0,0.03595,NA,NA,NA,0,0,0,0,High,B03,None,None,Sp/None,Tt/None,0,0.65378
6092A,6092,A,0.00245,NA,0.0254,9.9e-4,NA,NA,0,NA,0.0254,0.00245,NA,NA,0.00245,9.9e-4,0.0254,NA,NA,NA,0,100,0,0,Low,FC08,Sp,Sp,Sp/Sp,Sp/Sp,1,0.3199
6092B,6092,B,NA,NA,0.07474,0.0028,NA,NA,0.0028,NA,0.07474,NA,NA,NA,NA,0.0028,0.07474,NA,NA,NA,0,3.6110394635027085,0,0,Low,FC08,Sp,Sp,Sp/Sp,Sp/Sp,1,0.27527999999999997
6093A,6093,A,NA,NA,0.1644,NA,0.06445,NA,0.06445,NA,0.1644,NA,NA,NA,NA,0.06445,0.1644,NA,NA,NA,28.162551889884202,0,0,0,High,FC15,Tt,Tt,Tt/None,Tt/Tt,1,1.23515
6093B,6093,B,NA,NA,0.05412,NA,0.05466,NA,0.05466,NA,0.05412,NA,NA,NA,NA,0.05466,0.05412,NA,NA,NA,50.24820739106454,0,0,0,High,FC15,None,Tt,Tt/None,Tt/Tt,1,0.83418
6094A,6094,A,NA,NA,0.05662,NA,0.02518,NA,0.02518,NA,0.05662,NA,NA,NA,NA,0.02518,0.05662,NA,NA,NA,30.782396088019564,0,0,0,High,FC12,Sp,Tt,Sp/None,Tt/Tt,1,1.0359
6094B,6094,B,NA,NA,0.04045,NA,0.03333,NA,0.03333,NA,0.04045,NA,NA,NA,NA,0.03333,0.04045,NA,NA,NA,45.174844131200864,0,0,0,High,FC12,None,Tt,Sp/None,Tt/Tt,1,1.17003
6096A,6096,A,NA,NA,0.02476,NA,NA,0,0,NA,0.02476,NA,NA,NA,NA,0,0.02476,NA,NA,NA,0,0,0,0,Low,FC04,None,None,None/None,Tt/None,1,0.14731
6096B,6096,B,NA,NA,0.01954,NA,0,NA,0,NA,0.01954,NA,NA,NA,NA,0,0.01954,NA,NA,NA,0,0,0,0,Low,FC04,None,Tt,None/None,Tt/None,1,0.26643
6097A,6097,A,8.1e-4,NA,0.03915,NA,0.02779,NA,0.02779,NA,0.03915,NA,8.1e-4,NA,8.1e-4,0.02779,0.03915,NA,NA,NA,41.018450184501845,0,1.195571955719557,0,High,FC05,Tt,Tt,Tt/Sp,Tt/Tt,1,0.8408599999999999
6097B,6097,B,NA,NA,0.09813,NA,0.02726,NA,0.02726,NA,0.09813,NA,NA,NA,NA,0.02726,0.09813,NA,NA,NA,21.740170667517344,0,0,0,High,FC05,Sp,Tt,Tt/Sp,Tt/Tt,1,0.12539
6098A,6098,A,2e-4,NA,0.044,0.0014,0,NA,0,NA,0.044,2e-4,NA,NA,2e-4,0.0014,0.044,NA,NA,NA,0,100,0,0,High,FC09,Sp,Mixed,Sp/None,MIXED/THETE,1,0.4128
6098B,6098,B,NA,0.0022,0.042800000000000005,NA,0,NA,0,0.0022,0.042800000000000005,NA,NA,NA,NA,0,0.042800000000000005,NA,0.0022,NA,0,0,0,0,High,FC09,None,Tt,Sp/None,MIXED/THETE,1,0.43429999999999996
6099A,6099,A,NA,NA,0.09562000000000001,NA,0.02702,NA,0.02702,NA,0.09562000000000001,NA,NA,NA,NA,0.02702,0.09562000000000001,NA,NA,NA,22.03196347031963,0,0,0,High,FC16,None,Tt,None/None,Tt/Tt,1,0.82755
6099B,6099,B,NA,NA,0.04307999999999999,NA,0.0144,NA,0.0144,NA,0.04307999999999999,NA,NA,NA,NA,0.0144,0.04307999999999999,NA,NA,NA,25.05219206680585,0,0,0,High,FC16,None,Tt,None/None,Tt/Tt,1,1.0884
6100A,6100,A,NA,NA,0.02585,NA,0.01449,NA,0.01449,NA,0.02585,NA,NA,NA,NA,0.01449,0.02585,NA,NA,NA,35.91968269707486,0,0,0,Low,FC01,Tt,Tt,Tt/None,Tt/Tt,1,0.21789000000000003
6100B,6100,B,NA,NA,0.06899,NA,0.01496,NA,0.01496,NA,0.06899,NA,NA,NA,NA,0.01496,0.06899,NA,NA,NA,17.820131030375222,0,0,0,Low,FC01,None,Tt,Tt/None,Tt/Tt,1,0.48196999999999995
6101A,6101,A,NA,NA,0.01138,NA,0.00604,NA,0.00604,NA,0.01138,NA,NA,NA,NA,0.00604,0.01138,NA,NA,NA,34.672789896670494,0,0,0,Low,FC08,None,Tt,None/None,Tt/None,1,0.33382
6101B,6101,B,NA,NA,0.02948,NA,NA,0,0,NA,0.02948,NA,NA,NA,NA,0,0.02948,NA,NA,NA,0,0,0,0,Low,FC08,None,None,None/None,Tt/None,1,0.42341
6102A,6102,A,NA,NA,0.0408,NA,0.00954,NA,0.00954,NA,0.0408,NA,NA,NA,NA,0.00954,0.0408,NA,NA,NA,18.951132300357568,0,0,0,High,FC16,None,Tt,None/None,Tt/Tt,1,0.46873
6102B,6102,B,NA,NA,0.05097,NA,0.06504,NA,0.06504,NA,0.05097,NA,NA,NA,NA,0.06504,0.05097,NA,NA,NA,56.06413240237911,0,0,0,High,FC16,None,Tt,None/None,Tt/Tt,1,1.81557
6103A,6103,A,NA,NA,0.04136,NA,0.01654,NA,0.01654,NA,0.04136,NA,NA,NA,NA,0.01654,0.04136,NA,NA,NA,28.56649395509499,0,0,0,High,FC16,Tt,Tt,Tt/Tt,Tt/Tt,1,0.54943
6103B,6103,B,NA,NA,0.030440000000000002,NA,0.00451,NA,0.00451,NA,0.030440000000000002,NA,NA,NA,NA,0.00451,0.030440000000000002,NA,NA,NA,12.90414878397711,0,0,0,High,FC16,Tt,Tt,Tt/Tt,Tt/Tt,1,0.9864499999999999
6104A,6104,A,NA,NA,0.03904,NA,0.0055,NA,0.0055,NA,0.03904,NA,NA,NA,NA,0.0055,0.03904,NA,NA,NA,12.348450830713965,0,0,0,Low,FC03,Sp,Tt,Sp/None,Tt/Tt,1,0.67165
6104B,6104,B,4.5e-4,NA,0.01886,NA,0.01681,NA,0.01681,NA,0.01886,NA,4.5e-4,NA,4.5e-4,0.01681,0.01886,NA,NA,NA,46.53931339977852,0,1.2458471760797345,0,Low,FC03,None,Tt,Sp/None,Tt/Tt,1,0.27554
6106A,6106,A,NA,NA,0.06049,NA,0.01337,NA,0.01337,NA,0.06049,NA,NA,NA,NA,0.01337,0.06049,NA,NA,NA,18.10181424316274,0,0,0,High,B04,NA,Tt,Tt/Sp,Tt/Sp,0,0.49
6106B,6106,B,0,NA,0.02799,0,NA,NA,0,NA,0.02799,0,NA,NA,0,0,0.02799,NA,NA,NA,0,0,0,0,High,B04,NA,Sp,Tt/Sp,Tt/Sp,0,0.71702
6107A,6107,A,NA,NA,0.01649,NA,0.01315,NA,0.01315,NA,0.01649,NA,NA,NA,NA,0.01315,0.01649,NA,NA,NA,44.365721997300945,0,0,0,None,B05,NA,Tt,Tt/Sp,Tt/Sp,0,0.24776
6107B,6107,B,NA,NA,0.04099,0.00143,NA,NA,0.00143,NA,0.04099,NA,NA,NA,NA,0.00143,0.04099,NA,NA,NA,0,3.371051390853371,0,0,None,B05,NA,Sp,Tt/Sp,Tt/Sp,0,0.50071
