Plant,Side,mycofungus,hyphae.APE13C,mycorrhizas.APE13C,uncolonized_roots.APE13C,hyphae.pctC,mycorrhizas.pctC,uncolonized_roots.pctC,hyphae.APE15N,mycorrhizas.APE15N,uncolonized_roots.APE15N,hyphae.pctN,mycorrhizas.pctN,uncolonized_roots.pctN,enriched,received15N,N_level,Failed_split,Fungi,compartment_fungus,dead_tissue,mycorrhizas,other,roots,percent_col,Batch,Fungus_attempted,attempted,Plantside,versus,mycoC13ppmexcess,nmC13ppmexcess,mycoN15ppmexcess,nmN15ppmexcess,mycologC13,nmlogC13,mycologN15,nmlogN15,competition_treatment
6001,a,Sp,NA,0.013556463073283842,0.0035846360617450834,NA,37.9,41.2,NA,0.0011276884351851257,-3.831755992851349e-4,NA,1.6,0.9,1,Y,Low,N,Sp/None,SUIPU,0.00312,0.00774,NA,0.02099,26.94048033414549,FC04,Sp,Sp/None,6001 A,0,135.56463073283842,35.846360617450834,11.276884351851258,-3.831755992851349,4.9094485061793,3.5792420449454574,3.4209120308069045,2.740108636674128,0
6001,b,None,NA,NA,0.004805110961160208,NA,NA,48.2,NA,NA,-7.809710936755865e-4,NA,NA,0.8,1,N,Low,N,Sp/None,NM,NA,NA,NA,NA,NA,NA,NA,NA,NA,0,NA,48.05110961160209,NA,-7.809710936755865,NA,3.872265228002987,NA,2.4432781407455892,0
6002,a,Sp,0.015985898007320865,0.029340162283762128,0.00781768584307807,24.9,19.6,37.3,8.174906204589383e-4,0.0010984934290833026,-8.649099983463748e-4,1.8,NA,1.3,1,N,High,N,MIXED/SUIPU,SUIPU,NA,0.0801,NA,0.02481,76.35115813554475,FC07,Sp,Sp/Sp,6002 A,0,293.4016228376213,78.1768584307807,10.984934290833026,-8.64909998346375,5.6815423968374885,4.358973675760804,3.411324526122774,2.367560111197171,0
6002,b,None,NA,NA,0.01883291194760317,NA,NA,39.2,NA,NA,-0.0015692724670076652,NA,NA,1.5,1,Y,High,N,MIXED/SUIPU,MIXED,NA,NA,NA,NA,NA,NA,NA,NA,NA,Sp,NA,188.3291194760317,NA,-15.692724670076652,NA,5.238191067764471,NA,1.28859855335798,0
6002,b,Sp,NA,0.02015193620421818,NA,NA,41.6,NA,NA,0.0010656490267668128,NA,NA,2.8,NA,1,Y,High,N,MIXED/SUIPU,MIXED,0.0097,0.0153,NA,NA,100,FC07,Sp,Sp/Sp,6002 B,Sp,201.5193620421818,NA,10.65649026766813,NA,5.305885466309797,NA,3.4004275488436955,NA,0
6002,b,Tt,NA,0.06406634231789377,NA,NA,32.4,NA,NA,-1.822839833354184e-5,NA,NA,2.2,NA,1,Y,High,N,MIXED/SUIPU,MIXED,NA,0.0129,NA,0.060219999999999996,17.64223194748359,FC07,Sp,Sp/Sp,6002 B,Sp,640.6634231789377,NA,-0.1822839833354184,NA,6.462504238173357,NA,2.951683184425256,NA,0
6006,a,Tt,NA,0.04377849347977203,0.025570558363084084,NA,46.5,43.6,NA,0.006601449726569841,0.0010911946748844437,NA,2.6,1.8,1,Y,High,N,Tt/Tt,THETE,NA,0.0131,NA,0.06016,17.881517881517883,FC15,Tt,Tt/Tt,6006 A,0,437.78493479772027,255.70558363084083,66.01449726569841,10.911946748844436,6.081727773344836,5.544026718706519,4.446583759945047,3.408913217360745,0
6006,b,Tt,0.006839168868316259,0.015821008008825466,0.02242717035905417,18.3,40.4,44.6,0.0021823465571397804,6.75163917840893e-4,-4.92660280919266e-4,1.8,2.4,1.5,1,N,High,N,Tt/Tt,THETE,NA,0.00873,NA,0.0303,22.3674096848578,FC15,Tt,Tt/Tt,6006 B,0,158.21008008825464,224.2717035905417,6.75163917840893,-4.9266028091926595,5.063923770675715,5.412858279268181,3.2608643507662025,2.666799005178709,0
6007,a,None,NA,NA,0.005486804552721658,NA,NA,46.7,NA,NA,-9.34250939317427e-4,NA,NA,0.7,1,Y,Low,N,Sp/None,NM,NA,NA,NA,NA,NA,NA,NA,NA,NA,0,NA,54.86804552721658,NA,-9.34250939317427,NA,4.004931130374812,NA,2.3003740746897035,0
6007,b,Sp,0.007322932489023826,0.014677755565315698,0.004728144965359338,11,26.1,47.4,9.634663032961899e-4,-2.992375063211039e-4,-0.0015948194794525028,0.4,1.5,0.5,1,N,Low,N,Sp/None,SUIPU,6.9e-4,0.01336,NA,0.0356,27.287581699346404,FC01,Sp,Tt/Sp,6007 B,0,146.77755565315698,47.28144965359338,-2.992375063211039,-15.948194794525028,4.98891821384538,3.8561180336598118,2.7928844002657858,1.2155739027867203,0
6008,a,Sp,NA,0.010588213164530735,0.004882076837188887,NA,30.4,44.7,NA,0.001007258924734633,-1.4231014668225628e-4,NA,NA,1.1,1,N,Low,N,Sp/Sp,SUIPU,NA,0,NA,0.0279,0,FC06,Sp,Sp/Sp,6008 A,0,105.88213164530735,48.82076837188887,10.07258924734633,-1.4231014668225628,4.662326509809314,3.888155803716192,3.380756989041293,2.8846511021200127,0
6008,b,Sp,NA,0.004563217428184441,0.003573640655495147,NA,38.3,37.9,NA,1.5329586253060024e-4,-3.3208283020252916e-4,NA,1.1,0.7,1,Y,Low,N,Sp/Sp,SUIPU,NA,4.8e-4,NA,0.03811,1.2438455558434829,FC06,Sp,Sp/Sp,6008 B,0,45.63217428184441,35.73640655495147,1.5329586253060024,-3.3208283020252916,3.820613044074606,3.5761699606067596,3.0375161538150044,2.772563430239352,0
6010,a,Tt,0.007201992027461301,0.030900672216962022,0.024845178866740314,12,35.1,46.9,0.001339351717721815,0.0035654110835123265,2.335836115021639e-4,1.1,1.9,1.4,1,Y,High,N,Tt/None,THETE,NA,0.01606,NA,0.09852999999999999,14.015184571079503,FC16,Tt,Tt/None,6010 A,0,309.0067221696202,248.45178866740315,35.65411083512326,2.335836115021639,5.733363031255358,5.51524881732772,4.0068700683787615,3.075294546613798,0
6010,b,None,NA,NA,0.0520725834754332,NA,NA,48.1,NA,NA,-6.276917196605947e-4,NA,NA,1.6,1,N,High,N,Tt/None,NM,NA,NA,NA,NA,NA,NA,NA,NA,NA,0,NA,520.725834754332,NA,-6.276917196605947,NA,6.255223674367916,NA,2.5682904190120115,0
6011,a,Tt,0.00644335874994062,0.012973820662606883,0.008279451174811436,32.3,36.7,45,3.722621458513986e-4,-3.831755992851349e-4,-4.999592682504717e-4,1,0.8,0.6,1,N,Low,N,Tt/Sp,THETE,NA,0.02296,NA,0.07805999999999999,22.72817263908137,FC13,Tt,Tt/Sp,6011 A,0,129.73820662606883,82.79451174811436,-3.831755992851349,-4.9995926825047166,4.865518624859628,4.416361775959049,2.740108636674128,2.66171518726735,0
6011,b,Sp,NA,0.02042672849601357,0.011808515247866636,NA,25.6,46.9,NA,2.919746203876028e-4,-7.225788955825818e-4,NA,0.7,0.6,1,Y,Low,N,Tt/Sp,SUIPU,0.00677,0.00798,NA,0.07516,NA,FC13,Sp,Tt/Sp,6011 B,0,204.2672849601357,118.08515247866636,2.919746203876028,-7.225788955825818,5.319429356647306,4.771405995390222,3.101900105999441,2.492761939332169,0
6012,a,Tt,0.014040160991854789,0.030614948729296376,0.02430663266099531,4.2,39.1,45.3,0.008170483708488274,0.006692673985692843,-2.3719639807545656e-4,0.3,2.6,1.2,1,Y,High,N,Tt/Sp,THETE,0.0129,0.0927,NA,0.0704,56.83629675045984,FC02,Tt,Tt/Sp,6012 A,0,306.1494872929638,243.06632660995308,66.92673985692844,-2.3719639807545656,5.724073503230299,5.493334355108896,4.457217168322148,2.8301769538492882,0
6012,b,Sp,NA,0.015853986052507762,0.06127684493631902,NA,16.8,17.2,NA,4.5619896593568354e-4,5.510838965971931e-4,NA,1,1.5,1,N,High,N,Tt/Sp,SUIPU,0.0051,0.0038,NA,0.0355,9.669211195928755,FC02,Sp,Tt/Sp,6012 B,0,158.53986052507761,612.7684493631901,4.561989659356835,5.5108389659719315,5.066006047662676,6.4179871310748045,3.173142342651624,3.212103448050376,0
6013,a,Sp,NA,0.025043010693769352,0.00953279248556993,NA,37.4,43.1,NA,5.145897138847388e-4,-1.5690801974821422e-4,NA,1.2,0.7,1,N,Low,N,Sp/None,SUIPU,0.00169,0.00227,NA,0.02594,8.04679191775966,FC10,Sp,Sp/None,6013 A,0,250.43010693769352,95.3279248556993,5.145897138847388,-1.5690801974821422,5.523179867372425,4.5573227882595315,3.1972975095492906,2.8764611996857155,0
6014,a,None,NA,NA,0.025570558363084084,NA,NA,42.8,NA,NA,-0.0015583237513989157,NA,NA,2.2,1,Y,High,N,None/None,NM,NA,NA,NA,NA,NA,NA,NA,NA,NA,0,NA,255.70558363084083,NA,-15.583237513989157,NA,5.544026718706519,NA,1.3183329542261142,0
6014,b,None,NA,NA,0.01196242508398404,NA,NA,43.3,NA,NA,-0.0012773075409343582,NA,NA,1.4,1,N,High,N,None/None,NM,NA,NA,NA,NA,NA,NA,NA,NA,NA,0,NA,119.62425083984041,NA,-12.773075409343582,NA,4.784355587181642,NA,1.87906011664878,0
6015,a,Sp,NA,0.01511747117134421,0.01971226536119053,NA,10.7,43.3,NA,-4.56165360305294e-4,-0.0014415376012988368,NA,1.2,1,1,N,High,N,Tt/Sp,SUIPU,0.0027,0.0639,NA,0.0974,39.61562306261624,FC07,Sp,Sp/None,6015 A,0,151.1747117134421,197.1226536119053,-4.56165360305294,-14.415376012988368,5.018436199185023,5.28382614216559,2.691837484540399,1.5902648018687675,0
6015,b,Tt,0.02018491135985867,0.02596621542156563,0.01641460943040829,15.6,25.8,45.3,0.008316437845406421,0.012242443652185742,0.001587507524355547,1.3,NA,1,1,Y,High,N,Tt/Sp,THETE,NA,0.092,NA,0.10456,46.8050468050468,FC07,None,Sp/None,6015 B,0,259.6621542156563,164.14609430408288,122.42443652185742,15.87507524355547,5.5593813791915245,5.100756850207834,4.954028682035063,3.5609182016631817,0
6016,a,Tt,NA,0.006839168868316259,0.004816106093640249,NA,37.5,42.4,NA,-1.0581548273219665e-4,-1.4231014668225628e-4,NA,NA,0.8,1,N,Low,N,Tt/None,THETE,NA,0.05775,NA,0.0637,47.55043227665706,FC03,Tt,Tt/None,6016 A,0,68.39168868316258,48.16106093640249,-1.0581548273219665,-1.4231014668225628,4.225251306765429,3.8745508301682725,2.904837117602513,2.8846511021200127,0
6016,b,None,NA,NA,0.007421883555783326,NA,NA,46.3,NA,NA,-9.30601413702159e-4,NA,NA,0.6,1,Y,Low,N,Tt/None,NM,NA,NA,NA,NA,NA,NA,NA,NA,NA,0,NA,74.21883555783326,NA,-9.30601413702159,NA,4.307017966447578,NA,2.3040250056335156,0
6019,a,Sp,NA,0.0314281573949684,0.009356886849290369,NA,23,45.2,NA,0.014271001976754571,-7.116303660598677e-4,NA,1.3,0.9,1,Y,Low,N,Sp/Sp,SUIPU,0.03587,0.0185,NA,0.020040000000000002,NA,FC13,Sp,Sp/Sp,6019 A,0,314.28157394968406,93.56886849290369,142.7100197675457,-7.116303660598677,5.750289316407859,4.538697726587834,5.087784239815987,2.501773597561361,0
6019,b,Sp,NA,0.023801053334227884,0.007136024378321171,NA,32.8,42.8,NA,9.125524060649148e-5,-2.6274272740728355e-4,NA,1.1,0.8,1,N,Low,N,Sp/Sp,SUIPU,5.5e-4,0.00259,NA,0.049569999999999996,NA,FC13,Sp,Sp/Sp,6019 B,0,238.01053334227885,71.3602437832117,0.9125524060649148,-2.6274272740728355,5.472314930432797,4.267740904510477,3.0073137506516807,2.814989251881436,0
6020,a,Sp,NA,0.0250540013276197,0.010720139165737885,NA,20.1,40.8,NA,2.0438808139339182e-4,-4.744128172703421e-4,NA,0.7,0.6,1,N,Low,N,Sp/Sp,SUIPU,NA,0,NA,0.07132,0,FC11,Sp,Sp/Sp,6020 A,0,250.54001327619702,107.20139165737885,2.043880813933918,-4.744128172703421,5.523618641406373,4.674709230430972,3.0617215129409443,2.6793966107863936,0
6020,b,Sp,NA,0.03720814712046905,0.010676163871104594,NA,36,42.7,NA,0.0022991239380654727,-3.1018594520865195e-4,NA,1.3,0.5,1,Y,Low,N,Sp/Sp,SUIPU,0.01921,0.00283,NA,0.03295,NA,FC11,Sp,Sp/Sp,6020 B,0,372.0814712046905,106.76163871104593,22.991239380654726,-3.1018594520865195,5.919112838909021,4.670598673903777,3.745062769461558,2.786156523378718,0
6021,a,Tt,0.003089840360507967,0.005014018060299774,0.0025180702741527394,24.2,38.7,45.6,-3.5762920819359945e-4,-6.932084551769524e-5,-3.35732311970649e-4,0.7,0.9,0.6,1,Y,Low,N,Tt/Tt,THETE,NA,0.01844,NA,0.040319999999999995,31.381892443839355,FC13,Tt,Tt/None,6021 A,0,50.140180602997745,25.180702741527394,-0.6932084551769524,-3.35732311970649,3.9148226946980866,3.226077936945084,2.9246236930300373,2.770279841038147,0
6021,b,Tt,0.0017923525687293385,0.004057436218082744,0.002408113730523853,21.5,38.9,44.4,-0.001134975259897697,-2.992375063211039e-4,-9.597976261104813e-4,0.7,NA,0.4,1,N,Low,N,Tt/Tt,THETE,NA,0.0074400000000000004,NA,0.09323000000000001,7.3904837588159324,FC13,None,Tt/None,6021 B,0,40.574362180827436,24.08113730523853,-2.992375063211039,-9.597976261104812,3.7031363937657633,3.1814288496092975,2.7928844002657858,2.2744373742309616,0
6022,a,Tt,NA,0.018711999630377507,0.026317907926934447,NA,26.5,43.5,NA,4.016290571162706e-5,-3.6305659057433992e-6,NA,NA,1.4,1,Y,High,N,Tt/Tt,THETE,NA,0.0427,NA,0.0451,48.63325740318907,FC07,Tt,Tt/Tt,6022 A,0,187.11999630377508,263.17907926934447,0.4016290571162706,-0.03630565905743399,5.231750102522691,5.5728347102332565,2.981737435656499,2.9592818543466093,0
6022,b,Tt,NA,0.022097432765042058,0.023185558481169988,NA,35.5,37.6,NA,9.999601571684114e-4,-3.028869856829264e-4,NA,2.3,1.4,1,N,High,N,Tt/Tt,THETE,NA,0.03,NA,0.06075,33.057851239669425,FC07,Tt,Tt/Tt,6022 B,0,220.97432765042058,231.85558481169988,9.999601571684114,-3.028869856829264,5.398046530292403,5.4461146985857445,3.3782707367322686,2.790646800404611,0
6023,a,Tt,0.02202049367673209,0.028526919277042095,0.026229985035095993,40.7,NA,46.4,0.00749908917032216,0.009812443091747558,0.003120207168362532,2.7,2.5,1.7,1,Y,High,N,Tt/Tt,THETE,NA,0.0198,NA,0.0394,33.44594594594595,FC14,Tt,Tt/Tt,6023 A,0,285.26919277042094,262.2998503509599,98.12443091747558,31.20207168362532,5.653433270511743,5.569488316346397,4.7659689004612265,3.9224186889537465,0
6023,b,Tt,NA,0.0525339357059178,0.02879067523123502,NA,49.5,46.8,NA,0.0018356620947948543,-0.0011641715920852058,NA,2.7,2.9,1,N,High,N,Tt/Tt,THETE,NA,0.0027,NA,0.0446,5.708245243128964,FC14,Tt,Tt/Tt,6023 B,0,525.339357059178,287.9067523123502,18.356620947948542,-11.641715920852057,6.264044448167182,5.6626366510157276,3.6290510120004877,2.038451266631911,0
6024,a,Tt,0.023119612149667512,0.03225234172026625,0.02675752004110965,40,47.7,48.9,0.0018539087055960413,0.0012152733508291602,-7.152798756333567e-4,2.5,2.4,1.8,1,N,High,N,Tt/Tt,THETE,NA,0.0259,NA,0.10700000000000001,19.488337095560567,FC14,Tt,Tt/None,6024 A,0,322.52341720266253,267.5752004110965,12.152733508291602,-7.152798756333567,5.776175745080866,5.589400649860522,3.4491350283649105,2.498778725980986,0
6024,b,Tt,0.12167707452960985,0.03097759748923634,0.022097432765042058,20.8,46.3,48.6,0.015788718203993857,0.005280503730484332,7.31780560786488e-6,2,2.8,1.7,1,Y,High,N,Tt/Tt,THETE,NA,0.0189,NA,0.0393,32.47422680412371,FC14,None,Tt/None,6024 B,0,309.7759748923634,220.97432765042058,52.80503730484332,0.0731780560786488,5.7358493745958645,5.398046530292403,4.278407115656774,2.964943201938881,0
6025,a,Tt,0.01962433072348735,0.018668031441723798,0.03831791573269672,10.5,33.3,42.8,0.0026421559113664617,0.003809906623017445,0.0024742894961665707,0.8,1.4,1.1,1,Y,High,N,Tt/Sp,THETE,NA,0.01655,NA,0.042460000000000005,28.04609388239281,FC07,Tt,Tt/Sp,6025 A,0,186.68031441723798,383.1791573269672,38.09906623017445,24.742894961665705,5.229397605337953,5.948502653508289,4.050383790385085,3.7856276584833566,0
6025,b,Sp,NA,0.03180178932473887,0.03981221827374681,NA,31.4,44.1,NA,4.270035662953253e-4,-0.001003591976806606,NA,1.6,1.2,1,N,High,N,Tt/Sp,SUIPU,0.01904,0.01307,NA,0.05161,20.20717377860235,FC07,Sp,Tt/Sp,6025 B,0,318.0178932473887,398.1221827374681,4.270035662953253,-10.035919768066059,5.762107649270738,5.98675894997478,3.1608423632634963,2.2283467595665645,0
6026,a,Tt,NA,0.018063464883455005,0.014578819015147904,NA,41,46.4,NA,0.004437561319404981,-1.0946494792402062e-4,NA,2.3,1.9,1,Y,High,N,Tt/Tt,THETE,NA,0.02705,NA,0.09192,22.736824409515002,FC15,Tt,Tt/Sp,6026 A,0,180.63464883455003,145.78819015147903,44.37561319404981,-1.0946494792402062,5.196476476593163,4.982154815961063,4.154122344460283,2.902836754682318,0
6026,b,Tt,NA,0.021679761989539026,0.01971226536119053,NA,41.7,46.2,NA,0.002456043112603057,-7.736720651709827e-4,NA,2.4,1.5,1,N,High,N,Tt/Tt,THETE,NA,0.00917,NA,0.05633,13.999999999999998,FC15,Sp,Tt/Sp,6026 B,0,216.79761989539026,197.1226536119053,24.56043112603057,-7.7367206517098275,5.378964291162933,5.28382614216559,3.7814781147334053,2.449599195071726,0
6028,a,None,NA,NA,0.0069930941699971605,NA,NA,45.2,NA,NA,-0.0011240266397388732,NA,NA,1.3,1,N,High,N,MIXED/THETE,MIXED,NA,NA,NA,NA,NA,NA,NA,NA,NA,Tt,NA,69.93094169997161,NA,-11.240266397388732,NA,4.247508207948166,NA,2.0894113324608776,0
6028,a,Sp,NA,0.013743346920825461,NA,NA,31.3,NA,NA,-8.39363360213452e-4,NA,NA,1.6,NA,1,N,High,N,MIXED/THETE,MIXED,NA,0.0061,NA,NA,100,FC09,Sp,Sp/None,6028 A,Tt,137.43346920825462,NA,-8.393633602134521,NA,4.9231399397048525,NA,2.391217574974443,NA,0
6028,a,Tt,NA,0.023405378951008915,NA,NA,31.7,NA,NA,-8.02692338748856e-5,NA,NA,1.7,NA,1,N,High,N,MIXED/THETE,MIXED,0.0274,0.0318,NA,0.05705,35.790658413055716,FC09,Sp,Sp/None,6028 A,Tt,234.05378951008916,NA,-0.802692338748856,NA,5.455550958642945,NA,2.9187287215191855,NA,0
6028,b,Tt,NA,0.011049952629107906,0.0060915248743094175,NA,22.6,45.1,NA,7.116579829188896e-4,-8.466623983431898e-4,NA,0.9,1.6,1,Y,High,N,MIXED/THETE,THETE,0.0105,0.0629,NA,0.0385,62.03155818540434,FC09,None,Sp/None,6028 B,0,110.49952629107906,60.915248743094175,7.116579829188896,-8.466623983431898,4.705011233990058,4.109483533243723,3.27476467513886,2.384515216995081,0
6029,a,Tt,NA,0.0042553512206249255,0.008532320839050866,NA,54.5,44.8,NA,-0.0017152555717276918,-7.517749860734835e-4,NA,1.5,1,1,N,Low,N,Tt/Tt,THETE,NA,9e-5,NA,0.04313,0.20823692734844979,FC08,Tt,Tt/Tt,6029 A,0,42.55351220624925,85.32320839050867,-17.15255571727692,-7.517749860734835,3.7507623946504793,4.4464464970980595,0.7737441582246918,2.4683260968546787,0
6029,b,Tt,NA,0.008884137351575339,0.010401317393731846,NA,46.9,46.4,NA,1.8249142258303097e-4,-4.707633253426269e-4,NA,1.5,0.8,1,Y,Low,N,Tt/Tt,THETE,NA,0.00153,NA,0.03923,3.7536800785083417,FC08,Tt,Tt/Tt,6029 B,0,88.84137351575339,104.01317393731846,1.8249142258303097,-4.707633253426269,4.486852459462245,4.6445175635933085,3.051419449087941,2.6818971987451077,0
6030,a,Tt,NA,0.017304998203153454,0.009554780646113148,NA,38.5,46.9,NA,-3.5033024171648997e-4,-8.50311917809099e-4,NA,1,0.4,1,N,Low,N,Tt/Tt,THETE,NA,0.0072,NA,0.07332,8.941877794336811,FC11,Tt,Tt/Tt,6030 A,0,173.04998203153454,95.54780646113147,-3.5033024171648997,-8.50311917809099,5.153580466247395,4.559626713448737,2.7610929747296273,2.381147116415029,0
6030,b,Tt,NA,NA,0.013094747010451213,NA,NA,44.8,NA,NA,-0.001175120221067083,NA,NA,0.6,1,Y,Low,N,Tt/Tt,THETE,NA,0.00637,NA,0.040330000000000005,13.640256959314772,FC11,Tt,Tt/Tt,6030 B,0,NA,130.94747010451212,NA,-11.75120221067083,NA,4.874796251213924,NA,2.0240902120232,0
6031,a,Tt,NA,0.006597285283492793,0.005948591647396917,NA,33.5,45,NA,-6.49588744216334e-4,-7.992186696161863e-4,NA,0.7,0.6,1,Y,Low,N,Tt/None,THETE,NA,0.00805,NA,0.017980000000000003,30.925854782942753,FC04,Tt,Tt/None,6031 A,0,65.97285283492793,59.48591647396917,-6.4958874421633395,-7.992186696161863,4.18924333672796,4.085739586617726,2.551360226112248,2.4272984529556103,0
6031,b,None,NA,NA,0.009455833846683026,NA,NA,42.9,NA,NA,-1.2771227789387662e-4,NA,NA,0.8,1,N,Low,N,Tt/None,NM,NA,NA,NA,NA,NA,NA,NA,NA,NA,0,NA,94.55833846683026,NA,-1.2771227789387662,NA,4.549216982298149,NA,2.8927744721870288,0
6032,a,Tt,0.0012645511855917668,0.003936487771094566,0.007531828953323494,39.4,45.5,NA,-0.002266345647666146,-4.92660280919266e-4,-0.0012663588894937794,1.7,0.8,0.5,1,N,Low,N,Tt/Tt,THETE,NA,0.02623,NA,0.03577,42.306451612903224,FC04,Tt,Tt/Tt,6032 A,0,39.364877710945656,75.31828953323495,-4.9266028091926595,-12.663588894937794,3.6728739900888807,4.3217229942007,2.666799005178709,1.895644107343931,0
6032,b,Tt,0.004508241460242202,0.005574764331746751,0.007850669224038764,15.1,43.9,50.4,-6.860838065314567e-4,-7.444759618465691e-4,-8.57610957542998e-4,0.7,1,0.6,1,Y,Low,N,Tt/Tt,THETE,NA,0.02386,NA,0.04517,34.564682022309135,FC04,Tt,Tt/Tt,6032 B,0,55.74764331746751,78.50669224038765,-7.444759618465691,-8.57610957542998,4.0208351371143065,4.363183872624569,2.474491265550675,2.374376689965148,0
6033,a,Sp,0.004310327469668529,0.010269390542044343,NA,19.1,30.7,NA,1.9343975319130458e-4,8.320882079917435e-4,NA,1,1.4,NA,1,N,Low,N,Sp/Sp,SUIPU,0.00296,0.0094,NA,0.02336,28.693528693528698,FC01,Sp,Sp/Sp,6033 A,0,102.69390542044343,NA,8.320882079917435,NA,4.631752771653105,NA,3.3193112378362724,NA,0
6033,b,Sp,0.018448189912061874,0.02005301060536402,0.006311421339885381,23.1,32.2,41.9,0.0047805785672452306,0.0015035726104622449,-9.34250939317427e-4,1.1,1.8,0.9,1,Y,Low,N,Sp/Sp,SUIPU,NA,0.00314,NA,0.05809,5.128205128205128,FC01,Sp,Sp/Sp,6033 B,0,200.5301060536402,63.11421339885381,15.035726104622448,-9.34250939317427,5.300964390355507,4.144945996144571,3.5367810343692243,2.3003740746897035,0
6034,a,Tt,NA,0.01450186822817523,0.02051466170688876,NA,35.7,41.8,NA,4.963426125029202e-4,-3.7952611404140635e-4,NA,3.6,1.9,1,Y,High,N,MIXED/THETE,THETE,NA,0.02442,NA,0.040190000000000003,37.79600681009132,FC05,Tt,Tt/Sp,6034 A,0,145.0186822817523,205.1466170688876,4.963426125029202,-3.7952611404140635,4.976862577443416,5.3237249287151265,3.189811510466191,2.7424620944135145,0
6034,b,Sp,NA,0.0015174567178264375,NA,NA,21.5,NA,NA,0.0017663249127961578,NA,NA,0.8,NA,1,N,High,N,MIXED/THETE,MIXED,NA,0.01653,NA,NA,100,FC05,Sp,Tt/Sp,6034 B,Tt,15.174567178264375,NA,17.663249127961578,NA,2.7196208145133896,NA,3.6104765385799795,NA,0
6034,b,Tt,NA,0.005915606997909162,NA,NA,27.6,NA,NA,0.002521730062153449,NA,NA,1.5,NA,1,N,High,N,MIXED/THETE,MIXED,0.02213,0.00737,NA,0.053720000000000004,12.064167621541985,FC05,Sp,Tt/Sp,6034 B,Tt,59.15606997909162,NA,25.217300621534488,NA,4.080179205262299,NA,3.7963365661518425,NA,0
6035,a,Tt,NA,0.0064653482840644205,0.006344405725396074,NA,46.7,43.6,NA,-6.202192128318407e-5,-9.486708876055294e-5,NA,1.4,0.8,1,N,Low,N,Tt/Tt,THETE,NA,8.5e-4,NA,0.01781,4.555198285101822,FC13,Tt,Tt/Tt,6035 A,0,64.6534828406442,63.444057253960736,-0.6202192128318407,-0.9486708876055294,4.1690419760118855,4.15015852947393,2.9285344554748027,2.910814308259026,0
6035,b,Tt,0.00681717950039773,0.005574764331746751,0.00857629803998261,41.6,47.1,48.2,0.008163185990416322,-9.121762463820682e-5,-3.028869856829264e-4,2.2,1.3,0.9,1,Y,Low,N,Tt/Tt,THETE,NA,0.00437,NA,0.02195,16.60334346504559,FC13,Tt,Tt/Tt,6035 B,0,55.74764331746751,85.7629803998261,-0.9121762463820682,-3.028869856829264,4.0208351371143065,4.451587449515107,2.912798791840597,2.790646800404611,0
6036,a,Sp,NA,0.013061767126727464,0.005904612109858043,NA,38.4,50.3,NA,-1.4231014668225628e-4,-0.0010181901022610629,NA,1,0.6,1,N,Low,N,Sp/Sp,SUIPU,0.0037,3e-4,NA,0.04554,0.6544502617801047,FC11,Sp,Sp/None,6036 A,0,130.61767126727463,59.04612109858043,-1.4231014668225628,-10.181901022610628,4.872274516014212,4.0783188520620905,2.8846511021200127,2.2124987326334637,0
6036,b,Sp,NA,0.004387294115665963,0.005233919316637747,NA,45.3,42.7,NA,5.1111267600434385e-5,-1.9340272112816637e-4,NA,1.3,0.6,1,Y,Low,N,Sp/Sp,SUIPU,1.6e-4,0,NA,0.04259,0,FC11,None,Sp/None,6036 B,0,43.87294115665963,52.33919316637747,0.5111126760043438,-1.9340272112816637,3.781297755480669,3.95774548174393,2.9872734136174905,2.855688085722947,0
6038,a,Tt,0.02097630849866916,0.06400045049432634,NA,40.3,44.9,NA,3.613138545441319e-4,-4.6711383368225334e-4,NA,2.2,2.4,NA,1,N,High,N,Tt/Tt,THETE,NA,0.0095,NA,0.18480000000000002,4.889346371590323,FC14,Tt,Tt/Tt,6038 A,0,640.0045049432634,NA,-4.671138336822533,NA,6.4614752153027935,NA,2.6843915491749786,NA,0
6038,b,Tt,NA,0.04125154051905788,0.01773369819095838,NA,42.9,48.1,NA,0.004200367160267726,-1.3866067908407942e-4,NA,2.1,1.8,1,Y,High,N,Tt/Tt,THETE,NA,0.0325,NA,0.036699999999999997,46.96531791907515,FC14,Tt,Tt/Tt,6038 B,0,412.5154051905788,177.3369819095838,42.00367160267726,-1.3866067908407942,6.022273550993949,5.178051775139983,4.116172836473764,2.8866881397139643,0
6039,a,Tt,NA,0.0032547728109193486,0.0035516498356618076,NA,37.4,46.5,NA,-4.707633253426269e-4,-5.765986997945394e-4,NA,0.7,0.5,1,N,Low,N,Tt/None,THETE,NA,0.01556,NA,0.03635,29.974956655750333,FC10,Tt,Tt/None,6039 A,0,32.547728109193486,35.51649835661807,-4.707633253426269,-5.765986997945394,3.4827075692660765,3.5699973309619955,2.6818971987451077,2.606713920832083,0
6039,b,None,NA,NA,0.0038375297308359535,NA,NA,56.5,NA,NA,-1.861037787133646e-4,NA,NA,0.8,1,Y,Low,N,Tt/None,NM,NA,NA,NA,NA,NA,NA,NA,NA,NA,0,NA,38.375297308359535,NA,-1.8610377871336459,NA,3.6474139533264585,NA,2.8598773749933937,0
6040,a,Tt,NA,0.014820663566123882,0.008235473709920615,NA,39.4,42,NA,5.729803933919309e-4,-3.5397972482137385e-4,NA,3.6,1.3,1,N,High,N,Tt/None,THETE,NA,0.2364,NA,0.031,88.40688107703815,FC09,Tt,Tt/None,6040 A,0,148.2066356612388,82.35473709920615,5.7298039339193085,-3.5397972482137385,4.998607486901712,4.411035978942569,3.22088291208263,2.758783009618631,0
6040,b,None,NA,NA,0.007542823479634642,NA,NA,44.3,NA,NA,-9.30601413702159e-4,NA,NA,1.5,1,Y,High,N,Tt/None,NM,NA,NA,NA,NA,NA,NA,NA,NA,NA,0,NA,75.42823479634642,NA,-9.30601413702159,NA,4.323181671713764,NA,2.3040250056335156,0
6041,a,Sp,NA,0.021086223766257683,0.010445292932755423,NA,14.9,47.6,NA,1.6059475414781366e-4,-8.39363360213452e-4,NA,1.2,1.3,1,N,High,N,Tt/Sp,SUIPU,0.0037,0.0205,NA,0.046,30.82706766917293,FC07,Sp,Sp/None,6041 A,0,210.86223766257683,104.45292932755423,1.6059475414781366,-8.393633602134521,5.351205018169594,4.648736532870723,3.0410101423822598,2.391217574974443,0
6041,b,Tt,NA,0.12292754376658754,0.014007181738600716,NA,47.9,36.9,NA,0.044999390699924036,0.0029632900859812294,NA,3,1.2,1,Y,High,N,Tt/Sp,THETE,NA,0.0018,NA,0.0352,4.864864864864864,FC07,None,Sp/None,6041 B,0,1229.2754376658754,140.07181738600715,449.9939069992404,29.632900859812295,7.114180199725183,4.942155272407985,6.151272758525024,3.8908672828081814,0
6043,a,Sp,NA,0.038889272037155864,0.013523483497465794,NA,28.7,39.6,NA,6.569168752761922e-4,-0.0014378880385196857,NA,2.2,0.9,1,N,High,N,MIXED/SUIPU,SUIPU,NA,0.0162,NA,0.1021,13.693998309382927,FC02,Sp,Sp/Sp,6043 A,0,388.89272037155865,135.23483497465793,6.5691687527619225,-14.378880385196858,5.963303522476759,4.907012785559481,3.25384104964174,1.5976776811865727,Mixed
6043,b,Sp,NA,0.06071673002756617,0.012611039844925731,NA,28.1,45.6,NA,-2.0800060916620344e-4,-7.371769386890215e-4,NA,1.9,1,1,Y,High,N,MIXED/SUIPU,Mixed,0.00316,0.00207,NA,0.04733,4.190283400809716,FC02,Sp,Sp/Sp,6043 B,0,607.1673002756617,126.1103984492573,-2.0800060916620344,-7.3717693868902145,6.408804371330326,4.837157701500159,2.8472564844012993,2.480618656826382,Mixed
6044,a,Tt,NA,0.008356411644273587,0.0037055853691632112,NA,47.1,43.7,NA,-2.9176775461658977e-5,-5.765986997945394e-4,NA,0.9,0.6,1,N,Low,N,Tt/Tt,THETE,NA,0.01025,NA,0.032529999999999996,23.95979429640019,FC13,None,None/None,6044 A,0,83.56411644273587,37.05585369163211,-0.29176775461658977,-5.765986997945394,4.425614198791577,3.6124263336383344,2.945946047206554,2.606713920832083,0
6044,b,Tt,NA,0.007894647031101654,0.00875220645266328,NA,47.6,47,NA,-1.861037787133646e-4,-1.2771227789387662e-4,NA,1,0.7,1,Y,Low,N,Tt/Tt,THETE,NA,0.0018600000000000001,NA,0.02524,6.863468634686347,FC13,None,None/None,6044 B,0,78.94647031101654,87.5220645266328,-1.8610377871336459,-1.2771227789387662,4.368770031798696,4.471890927593723,2.8598773749933937,2.8927744721870288,0
6045,a,Tt,NA,0.0031887998967550235,0.0050470033110803225,NA,44.1,44.2,NA,5.1111267600434385e-5,-5.474027119702352e-4,NA,0.9,0.6,1,N,Low,N,Tt/Tt,THETE,0.00144,0.01733,NA,0.05926,22.626974800887844,FC03,Tt,Tt/Tt,6045 A,0,31.887998967550235,50.47003311080323,0.5111126760043438,-5.474027119702352,3.4622297310930623,3.921379756401158,2.9872734136174905,2.6280250193897357,0
6045,b,Tt,NA,0.00647634304745992,0.004882076837188887,NA,39.5,46.4,NA,-2.3719639807545656e-4,-0.001321102170759536,NA,0.9,0.6,1,Y,Low,N,Tt/Tt,THETE,NA,0.03315,NA,0.032869999999999996,50.21205695243866,FC03,Tt,Tt/Tt,6045 B,0,64.7634304745992,48.82076837188887,-2.3719639807545656,-13.21102170759536,4.170741099528128,3.888155803716192,2.8301769538492882,1.8098288841929426,0
6048,a,None,NA,NA,0.008609280915019113,NA,NA,42.8,NA,NA,-6.824342990967569e-4,NA,NA,1.5,1,N,High,N,Tt/None,NM,NA,NA,NA,NA,NA,NA,NA,NA,NA,0,NA,86.09280915019113,NA,-6.824342990967569,NA,4.455425890526528,NA,2.525415046675121,0
6048,b,Tt,NA,0.031658930390853435,0.010016529759296011,NA,40.4,41.5,NA,0.0048754552613339275,-1.4231014668225628e-4,NA,2.7,1.5,1,Y,High,N,Tt/None,THETE,NA,0.00354,NA,0.0211,14.366883116883116,FC02,Sp,Sp/Sp,6048 B,0,316.58930390853436,100.16529759296012,48.75455261333927,-1.4231014668225628,5.757605362632795,4.606821797256608,4.220609689657451,2.8846511021200127,0
6049,a,Tt,0.014282008177049388,0.05637837019392866,0.02185562379867756,10,37.1,44.5,0.0018320127718325363,0.004565280783437431,2.9214541416577866e-5,0.7,2.8,1.7,1,Y,High,N,Tt/None,THETE,0.02036,0.0172,NA,0.08981,16.073264180917672,FC02,Tt,Tt/None,6049 A,0,563.7837019392866,218.55623798677559,45.65280783437431,0.29214541416577866,6.334670670740519,5.387043363509063,4.1739753615270345,2.976170638731176,0
6049,b,None,NA,NA,0.013699374314350976,NA,NA,45.8,NA,NA,-0.001321102170759536,NA,NA,1.6,1,N,High,N,Tt/None,NM,NA,NA,NA,NA,NA,NA,NA,NA,NA,0,NA,136.99374314350976,NA,-13.21102170759536,NA,4.919935254299866,NA,1.8098288841929426,0
6050,a,Sp,NA,0.022657985366622002,0.00862027520181008,NA,14.9,44.3,NA,-1.2041334510382029e-4,-0.001456135855088636,NA,1.2,1.4,1,N,High,N,Sp/Sp,SUIPU,0.00794,0.01354,NA,0.03553,27.59323415528836,FC05,Sp,Sp/Sp,6050 A,0,226.57985366622003,86.2027520181008,-1.204133451038203,-14.56135855088636,5.42309743760799,4.456702103124071,2.8968115436766118,1.560051238080234,0
6050,b,Sp,NA,0.02149290813204563,0.009884601881156252,NA,22.5,33.4,NA,2.0438808139339182e-4,-9.926433855231842e-4,NA,1.8,1.4,1,Y,High,N,Sp/Sp,SUIPU,0.02985,0.02736,NA,0.03931,41.037948102594875,FC05,Sp,Sp/Sp,6050 B,0,214.9290813204563,98.84601881156252,2.043880813933918,-9.926433855231842,5.3703081193903,4.593563273758145,3.0617215129409443,2.2400700996655294,0
6051,a,None,NA,NA,0.007575807043903815,NA,NA,43.8,NA,NA,-4.853612946576491e-4,NA,NA,1.2,1,Y,High,N,Tt/None,NM,NA,NA,NA,NA,NA,NA,NA,NA,NA,0,NA,75.75807043903815,NA,-4.853612946576491,NA,4.327544979163797,NA,2.671857107819066,0
6051,b,Tt,NA,0.02173471887207934,0.005860632533211341,NA,31.1,44.7,NA,0.00168603963412145,-1.642069578853267e-4,NA,2.1,1.6,1,N,High,N,Tt/None,THETE,NA,0.0218,NA,0.02715,44.535240040858014,FC09,None,Sp/None,6051 B,0,217.34718872079338,58.60632533211341,16.8603963412145,-1.6420695788532669,5.3814960230092765,4.070842631578824,3.5885291435121633,2.8723409565116556,0
6052,a,Tt,NA,0.008950102669053717,0.011599636847000827,NA,32.1,46.6,NA,9.233230331580633e-4,-0.0010729331108141893,NA,1.4,1.3,1,Y,High,N,MIXED/THETE,THETE,NA,0.01834,NA,0.038060000000000004,32.51773049645389,FC12,Tt,Tt/Sp,6052 A,0,89.50102669053717,115.99636847000826,9.233230331580632,-10.729331108141892,4.494250096617663,4.75355888432328,3.3517849127363557,2.150725913821873,0
6052,b,None,NA,NA,0.0226030295101598,NA,NA,42.6,NA,NA,-8.904566495800958e-4,NA,NA,1.6,1,N,High,N,MIXED/THETE,MIXED,NA,NA,NA,NA,NA,NA,NA,NA,NA,Tt,NA,226.030295101598,NA,-8.904566495800958,NA,5.42066903941062,NA,2.343329369870514,0
6052,b,Sp,NA,0.11250599950724904,NA,NA,18.9,NA,NA,8.030688754029347e-5,NA,NA,1.8,NA,1,N,High,N,MIXED/THETE,MIXED,NA,3.9e-4,NA,NA,100,FC12,Sp,Tt/Sp,6052 B,Tt,1125.0599950724904,NA,0.8030688754029347,NA,7.025591642169907,NA,3.0018879141903785,NA,0
6052,b,Tt,NA,0.12205002480748939,NA,NA,35.5,NA,NA,2.773768745827909e-4,NA,NA,2.4,NA,1,N,High,N,MIXED/THETE,MIXED,NA,0.0055,NA,0.05236,9.505703422053232,FC12,Sp,Tt/Sp,6052 B,Tt,1220.500248074894,NA,2.7737687458279092,NA,7.1070160930897694,NA,3.0953147857971555,NA,0
6053,a,Tt,NA,0.0031887998967550235,0.003452691025413346,NA,43.6,43.7,NA,-2.8463959154723106e-4,-6.641867659340495e-4,NA,0.6,0.5,1,Y,Low,N,Tt/Sp,THETE,NA,0.01596,NA,0.046400000000000004,25.593329057087878,FC08,Tt,Tt/Sp,6053 A,0,31.887998967550235,34.526910254133455,-2.8463959154723106,-6.641867659340495,3.4622297310930623,3.5417390273558516,2.801785063148669,2.539912060488963,0
6053,b,Sp,NA,0.011511687782703506,0.007641774106450949,NA,37.2,45.6,NA,5.218885525661299e-4,-4.963097744511424e-4,NA,0.9,0.7,1,N,Low,N,Tt/Sp,SUIPU,0.01541,0.00544,NA,0.04428,10.94127111826227,FC08,Sp,Tt/Sp,6053 B,0,115.11687782703505,76.4177410645095,5.218885525661299,-4.963097744511424,4.745947941181406,4.336214882101486,3.200276287329745,2.6642603269632614,0
6054,a,Tt,NA,0.0038375297308359535,0.0035846360617450834,NA,45.6,44.9,NA,-2.5527316151574553e-5,-9.85165531504073e-5,NA,1.1,0.7,1,N,Low,N,Tt/None,THETE,NA,0.0097,NA,0.0235,29.21686746987952,FC06,Tt,Tt/None,6054 A,0,38.375297308359535,35.846360617450834,-0.25527316151574553,-0.985165531504073,3.6474139533264585,3.5792420449454574,2.9478620859413813,2.9088258785243872,0
6054,b,None,NA,NA,0.004024450307327898,NA,NA,43.8,NA,NA,-4.56165360305294e-4,NA,NA,0.8,1,Y,Low,N,Tt/None,NM,NA,NA,NA,NA,NA,NA,NA,NA,NA,0,NA,40.24450307327898,NA,-4.56165360305294,NA,3.6949734249301187,NA,2.691837484540399,0
6055,a,Tt,0.001605423556345853,0.0054758095693441255,0.009290922074382202,30.4,44.8,47,-3.1748490580379984e-4,-7.116303660598677e-4,-0.001390443746722314,2.4,2.5,2.3,1,Y,High,N,Tt/Tt,THETE,0.00445,0.01212,NA,0.0451,21.1814051031108,FC09,Tt,Tt/Tt,6055 A,0,54.758095693441255,92.90922074382202,-7.116303660598677,-13.90443746722314,4.002925224312302,4.5316228954027,2.501773597561361,1.68935498167627,0
6055,b,Tt,0.0012205674827603374,0.008598286625784546,0.008664252324532384,14.6,39.3,51.3,9.634663032961899e-4,-1.7880483736792963e-4,-8.831576050337131e-4,0.9,3,2.1,1,N,High,N,Tt/Tt,THETE,3e-4,0.0192,NA,0.1076,15.141955835962145,FC09,Tt,Tt/Tt,6055 B,0,85.98286625784546,86.64252324532384,-1.7880483736792963,-8.83157605033713,4.454148046844726,4.461790725598805,2.8640491866998725,2.350312557917531,0
6056,a,None,NA,NA,0.005431829611391992,NA,NA,48.1,NA,NA,-2.0435113675570937e-4,NA,NA,0.7,1,N,Low,N,MIXED/SUIPU,MIXED,NA,NA,NA,NA,NA,NA,NA,NA,NA,Sp,NA,54.318296113919914,NA,-2.0435113675570937,NA,3.994861115194402,NA,2.8493710591904464,0
6056,a,Sp,NA,0.022526091208506127,NA,NA,26.8,NA,NA,2.8467574801988027e-4,NA,NA,0.8,NA,1,N,Low,N,MIXED/SUIPU,MIXED,0.00358,7e-4,NA,NA,100,FC10,Sp,Sp/None,6056 A,Sp,225.26091208506128,NA,2.8467574801988027,NA,5.417259339643855,NA,3.098612866934979,NA,0
6056,b,Sp,NA,0.004475255850144633,0.004134403257624486,NA,22.7,46.9,NA,0.0011276884351851257,-5.10907751252343e-4,NA,0.6,0.7,1,Y,Low,N,MIXED/SUIPU,SUIPU,NA,0.01282,NA,0.02185,36.97721372944909,FC10,None,Sp/None,6056 B,0,44.75255850144633,41.34403257624486,11.276884351851258,-5.10907751252343,3.801148616303216,3.721928096091445,3.4209120308069045,2.6540406682776876,0
6057,a,None,NA,NA,0.005761678342767418,NA,NA,48.6,NA,NA,-4.598148511635869e-4,NA,NA,0.5,1,Y,Low,N,MIXED/SUIPU,MIXED,NA,NA,NA,NA,NA,NA,NA,NA,NA,Sp,NA,57.61678342767418,NA,-4.598148511635869,NA,4.0538139042119194,NA,2.6893616613779407,0
6057,a,Sp,NA,0.015128464011401555,NA,NA,38.3,NA,NA,3.2846896618499155e-4,NA,NA,1.2,NA,1,Y,Low,N,MIXED/SUIPU,MIXED,NA,0.00259,NA,NA,100,FC01,Sp,Sp/None,6057 A,Sp,151.28464011401553,NA,3.2846896618499155,NA,5.019163096235814,NA,3.118176132766115,NA,0
6057,a,Tt,NA,0.00975267365108734,NA,NA,42.6,NA,NA,3.9415872124748397e-4,NA,NA,1,NA,1,Y,Low,N,MIXED/SUIPU,MIXED,0.00511,0.01115,NA,0.02152,34.12917049280686,FC01,Sp,Sp/None,6057 A,Sp,97.5267365108734,NA,3.9415872124748397,NA,4.580126561036541,NA,3.1468215942399564,NA,0
6057,b,Tt,NA,0.006597285283492793,0.004123407973594562,NA,49.9,43.3,NA,4.016290571162706e-5,-7.335274275114823e-4,NA,1,0.6,1,N,Low,N,Tt/None,THETE,NA,0.02002,NA,0.04595,30.347127482188874,FC01,None,Sp/None,6057 B,0,65.97285283492793,41.23407973594561,0.4016290571162706,-7.3352742751148226,4.18924333672796,3.7192650924891852,2.981737435656499,2.4836683300549223,0
6058,a,None,NA,NA,0.003716580746080167,NA,NA,45.9,NA,NA,-2.1877857108831833e-5,NA,NA,0.7,1,Y,Low,N,None/None,NM,NA,NA,NA,NA,NA,NA,NA,NA,NA,0,NA,37.16580746080167,NA,-0.21877857108831833,NA,3.6153891843182553,NA,2.949774460351419,0
6058,b,None,NA,NA,0.005541779432944427,NA,NA,44.3,NA,NA,-2.2624797522935447e-4,NA,NA,0.7,1,N,Low,N,None/None,NM,NA,NA,NA,NA,NA,NA,NA,NA,NA,0,NA,55.41779432944427,NA,-2.2624797522935447,NA,4.0149007394628216,NA,2.8366160121062043,0
6061,a,None,NA,NA,0.007136024378321171,NA,NA,53.5,NA,NA,-0.0012809570919493085,NA,NA,0.9,1,Y,Low,N,Tt/None,NM,NA,NA,NA,NA,NA,NA,NA,NA,NA,0,NA,71.3602437832117,NA,-12.809570919493085,NA,4.267740904510477,NA,1.8734704331484286,0
6061,b,Tt,NA,0.007982602527911276,0.006498332566918119,NA,55.5,39.9,NA,-6.860838065314567e-4,-7.225788955825818e-4,NA,1.1,0.5,1,N,Low,N,Tt/None,THETE,NA,0.00306,NA,0.05926,4.910141206675224,FC01,None,None/None,6061 B,0,79.82602527911276,64.9833256691812,-6.860838065314567,-7.225788955825818,4.379849582603708,4.174130708820216,2.5224902519571395,2.492761939332169,0
6062,a,Sp,0.007641774106450949,0.0548845683090724,0.005068993466045946,22.4,40.4,48,0.002083815429048841,5.218885525661299e-4,-6.787847919293988e-4,0.9,2.1,0.7,1,N,Low,N,Sp/None,SUIPU,9e-4,0.00143,NA,0.040459999999999996,3.413702554308905,FC03,Sp,Sp/Sp,6062 A,0,548.845683090724,50.68993466045946,5.218885525661299,-6.787847919293988,6.307817314730659,3.925727363480852,3.200276287329745,2.5283313116965673,0
6062,b,None,NA,NA,0.005376854608955428,NA,NA,49,NA,NA,-8.50311917809099e-4,NA,NA,0.8,1,Y,Low,N,Sp/None,NM,NA,NA,NA,NA,NA,NA,NA,NA,NA,0,NA,53.76854608955428,NA,-8.50311917809099,NA,3.9846886510205355,NA,2.381147116415029,0
6063,a,Sp,NA,0.0728840722502695,0.006982099521478657,NA,34.7,43.3,NA,6.569168752761922e-4,-0.001076582646856672,NA,1.7,1.1,1,Y,High,N,Sp/None,SUIPU,0.0031,0.0122,NA,0.06801,15.210073556913104,FC02,Sp,Sp/Sp,6063 A,0,728.8407225026949,69.82099521478658,6.5691687527619225,-10.765826468566718,6.59145522048613,4.245934755582558,3.25384104964174,2.1464688187508947,0
6063,b,None,NA,0.06622974173825558,0.009455833846683026,NA,30,46.3,NA,5.401356445906558e-4,-5.583512053991546e-4,NA,1.6,1.3,1,N,High,N,Sp/None,NM,NA,NA,NA,NA,NA,NA,NA,NA,NA,0,662.29741738255575,94.55833846683026,5.401356445906558,-5.583512053991546,6.495714726015651,4.549216982298149,3.2076846397478196,2.620086485774659,0
6064,a,Sp,NA,0.011643611320497849,0.006795190122702577,NA,36.8,46,NA,-3.28433348701862e-4,-0.001175120221067083,NA,1.8,1.4,1,Y,High,N,Tt/Sp,SUIPU,0.0124,0.00185,NA,0.04229,4.191209787041233,FC05,Sp,Sp/Sp,6064 A,0,116.43611320497848,67.95190122702577,-3.2843334870186203,-11.75120221067083,4.7573427380813555,4.218800120000071,2.7748418163731676,2.0240902120232,0
6064,b,Tt,NA,0.06056297188351012,0.01299580729329941,NA,39.9,45.2,NA,0.0017517275990251435,-6.240422165038062e-4,NA,2.1,1.4,1,N,High,N,Tt/Sp,THETE,NA,0.00667,NA,0.032189999999999996,17.16417910447761,FC05,Sp,Sp/Sp,6064 B,0,605.6297188351012,129.9580729329941,17.517275990251434,-6.240422165038062,6.406268774292862,4.8672118825360995,3.606521767129885,2.5710844584218444,0
6065,a,Tt,0.005959586525670968,0.021646787830698067,0.0272850494191359,42.5,29.7,45.5,0.0013028581124819305,1.0967262244421239e-5,-0.0010619845042910137,1.9,1.4,1.8,1,N,High,N,Tt/Tt,THETE,NA,0.04468,NA,0.03701,54.694577059615625,FC12,None,None/None,6065 A,0,216.46787830698065,272.85049419135896,0.10967262244421239,-10.619845042910136,5.377442168337822,5.608924004850534,2.966823217447076,2.1633895283027202,0
6065,b,Tt,NA,0.01165460493276238,0.027109206918453532,NA,35,47.3,NA,1.313991812624815e-4,-0.0010254891665923416,NA,NA,1.8,1,Y,High,N,Tt/Tt,THETE,NA,0.01168,NA,0.12567,8.503822351656352,FC12,None,None/None,6065 B,0,116.5460493276238,271.0920691845353,1.3139918126248151,-10.254891665923417,4.758286468104372,5.6024585018699025,3.0269603346114202,2.204479526347361,0
6066,a,Tt,0.03315343419488004,0.03793334527160663,0.018360253026545426,24.9,38.1,42.8,1.27749733448701e-4,-2.3719639807545656e-4,-0.0011459238824627627,3.3,2.7,1.6,1,N,High,N,Tt/Tt,THETE,NA,0.03796,NA,0.0557,40.52957505872305,FC12,Tt,Tt/Sp,6066 A,0,379.33345271606635,183.60253026545425,-2.3719639807545656,-11.459238824627626,5.9384156407353395,5.212773259493684,2.8301769538492882,2.0619373343315077,0
6066,b,Tt,0.0250540013276197,0.046008696835931895,0.018711999630377507,12.8,46.6,41.6,0.001996232040467727,0.002003530662064268,-6.167432109921434e-4,1,2.9,1.3,1,Y,High,N,Tt/Tt,THETE,NA,0.00971,NA,0.03839,20.187110187110186,FC12,Sp,Tt/Sp,6066 B,0,460.086968359319,187.11999630377508,20.03530662064268,-6.1674321099214335,6.131415533263932,5.231750102522691,3.6726415870258315,2.576649225163042,0
6067,a,Tt,NA,0.0028259472958422904,NA,NA,43.8,NA,NA,-3.2113438650249737e-4,NA,NA,1,NA,1,N,Low,N,MIXED/THETE,THETE,NA,0.01886,NA,0.0349,35.081845238095234,FC03,Tt,Tt/Sp,6067 A,0,28.259472958422904,NA,-3.2113438650249737,NA,3.3414287273451375,NA,2.779383073900699,NA,0
6067,b,None,NA,NA,0.0026170309544140125,NA,NA,47.8,NA,NA,-0.00134664905593751,NA,NA,0.8,1,Y,Low,N,MIXED/THETE,MIXED,NA,NA,NA,NA,NA,NA,NA,NA,NA,Tt,NA,26.170309544140125,NA,-13.4664905593751,NA,3.2646255446776853,NA,1.767113755980356,0
6067,b,Sp,NA,0.00696011021710885,NA,NA,31.8,NA,NA,-1.605574886830441e-4,NA,NA,0.8,NA,1,Y,Low,N,MIXED/THETE,MIXED,0.00488,0.00213,NA,NA,100,FC03,Sp,Tt/Sp,6067 B,Tt,69.6011021710885,NA,-1.605574886830441,NA,4.24278040300649,NA,2.874403200223149,NA,0
6067,b,Tt,NA,0.004431275002460433,NA,NA,46.2,NA,NA,3.6683487040778395e-6,NA,NA,0.9,NA,1,Y,Low,N,MIXED/THETE,MIXED,NA,0.02345,NA,0.01476,61.37136875163569,FC03,Sp,Tt/Sp,6067 B,Tt,44.31275002460433,NA,0.036683487040778395,NA,3.7912724465806162,NA,2.963059645175923,NA,0
6068,a,None,NA,NA,0.0034087092684145226,NA,NA,41.5,NA,NA,-0.0012006670313824408,NA,NA,1.7,1,N,High,N,Tt/None,NM,NA,NA,NA,NA,NA,NA,NA,NA,NA,0,NA,34.087092684145226,NA,-12.006670313824408,NA,3.528918798973663,NA,1.989756592239017,0
6068,b,Tt,0.001990276635336574,0.008125529876608306,0.0021222255730573014,17.3,40.1,45.6,0.0014086894940240624,0.004211314607858063,-0.0010510359001740799,2.1,2.7,1.9,1,Y,High,N,Tt/None,THETE,0.0053,0.01874,NA,0.036449999999999996,33.95542670773691,FC05,None,None/None,6068 B,0,81.25529876608306,21.222255730573014,42.113146078580634,-10.510359001740799,4.3975960346659635,3.055050429636688,4.117956423754739,2.1758947762883807,0
6069,a,Tt,0.0027599738096735216,0.005816652917456588,0.006069535173978791,36.4,40.5,44.1,2.5912968631119915e-4,6.824627329953259e-4,3.978081495444874e-4,1.6,0.9,0.6,1,Y,Low,N,Tt/None,THETE,NA,0.00352,NA,0.02879,10.89445991952956,FC11,Tt,Tt/None,6069 A,0,58.16652917456588,60.69535173978791,6.824627329953259,3.978081495444874,4.063310089210534,4.105867117535016,3.2636599169626965,3.14838920102767,0
6069,b,None,NA,NA,0.008631269486156778,NA,NA,39.6,NA,NA,-2.773406357645114e-4,NA,NA,0.6,1,N,Low,N,Tt/None,NM,NA,NA,NA,NA,NA,NA,NA,NA,NA,0,NA,86.31269486156779,NA,-2.773406357645114,NA,4.457976688795553,NA,2.806205860655578,0
6070,a,Tt,NA,0.03135123282365626,0.029406100319721462,NA,40.5,50.7,NA,0.00275163370347431,-2.6274272740728355e-4,NA,2.6,2.1,1,Y,High,N,Tt/Tt,THETE,NA,0.0118,NA,0.0298,28.365384615384613,FC14,Sp,Sp/None,6070 A,0,313.5123282365626,294.06100319721463,27.5163370347431,-2.6274272740728355,5.747838683818328,5.683787239682883,3.8466683789913025,2.814989251881436,0
6070,b,Tt,NA,0.03401055569950873,0.03392264648541077,NA,39.5,47.2,NA,7.554508257223702e-4,-6.203927136143039e-4,NA,2.3,2.1,1,N,High,N,Tt/Tt,THETE,NA,0.0191,NA,0.0556,25.568942436412318,FC14,None,Sp/None,6070 B,0,340.1055569950873,339.2264648541077,7.554508257223702,-6.203927136143039,5.829256031177187,5.826667922260168,3.2911939522068323,2.57387071271797,0
6071,a,Tt,0.003331741099555696,0.0032327818493091964,0.004475255850144633,23.1,42.2,46.3,-0.0010619845042910137,-6.641867659340495e-4,-1.0929481584875944e-5,0.8,0.9,0.6,1,Y,Low,N,Tt/Sp,THETE,NA,0.02043,NA,0.01718,54.32065939909598,FC11,Tt,Tt/Sp,6071 A,0,32.32781849309197,44.75255850144633,-6.641867659340495,-0.10929481584875944,3.4759281132185884,3.801148616303216,2.539912060488963,2.9554897371200033,0
6071,b,Sp,NA,0.022636003031366148,0.009840625843569928,NA,43,39.7,NA,2.1915630549818044e-5,-3.6305659057433992e-6,NA,1.1,0.6,1,N,Low,N,Tt/Sp,SUIPU,NA,0.0024,NA,0.03737,6.034699522252954,FC11,Sp,Tt/Sp,6071 B,0,226.36003031366147,98.40625843569927,0.21915630549818044,-0.03630565905743399,5.422126786192239,4.589104404024501,2.9724421489748662,2.9592818543466093,0
6072,a,Tt,0.0032987547048068944,0.006828174185578906,0.0025400615535444704,36.2,43.2,47.9,-1.71505897091917e-4,8.395633882973819e-5,-0.0010473863660031557,1.6,1.3,0.8,1,N,Low,N,Tt/Tt,THETE,NA,0.0174,NA,0.0122,58.783783783783775,FC10,Tt,Tt/Tt,6072 A,0,68.28174185578905,25.400615535444704,0.8395633882973819,-10.473863660031558,4.223642408083997,3.2347734074097856,3.003699799524054,2.1800286800770534,0
6074,a,None,NA,NA,0.0069930941699971605,NA,NA,48.9,NA,NA,5.401356445906558e-4,NA,NA,0.8,1,N,Low,N,None/None,NM,NA,NA,NA,NA,NA,NA,NA,NA,NA,0,NA,69.93094169997161,NA,5.401356445906558,NA,4.247508207948166,NA,3.2076846397478196,0
6074,b,None,NA,NA,0.007289948756109332,NA,NA,69.6,NA,NA,8.030688754029347e-5,NA,NA,1.2,1,Y,Low,N,None/None,NM,NA,NA,NA,NA,NA,NA,NA,NA,NA,0,NA,72.89948756109332,NA,0.8030688754029347,NA,4.289081609649623,NA,3.0018879141903785,0
6075,a,Tt,NA,0.0032767637627519886,0.005453819595256926,NA,43.9,49,NA,1.4616718613580382e-5,1.5329586253060024e-4,NA,0.7,0.6,1,Y,Low,N,Tt/Tt,THETE,NA,0.0065,NA,0.017300000000000003,27.310924369747898,FC10,Tt,Tt/Tt,6075 A,0,32.76763762751989,54.538195952569254,0.14616718613580382,1.5329586253060024,3.489441370625422,3.9989012993597215,2.96869970499093,3.0375161538150044,0
6075,b,Tt,0.012347197578724156,0.005607749208550672,0.008345417298825542,35.8,43.2,52.2,1.569453084729333e-4,-5.1073536936452335e-5,0.001003609541085304,1.5,0.9,0.8,1,N,Low,N,Tt/Tt,THETE,NA,0.00294,NA,0.0149,16.479820627802688,FC10,Tt,Tt/Tt,6075 B,0,56.07749208550672,83.45417298825541,-0.5107353693645234,10.03609541085304,4.026734521425117,4.424297654708467,2.9343720703830165,3.3795146356134715,0
6076,a,None,NA,NA,0.0047721255490542624,NA,NA,45.1,NA,NA,-4.123714908600973e-4,NA,NA,0.8,1,Y,Low,N,Tt/None,NM,NA,NA,NA,NA,NA,NA,NA,NA,NA,0,NA,47.721255490542624,NA,-4.123714908600973,NA,3.8653769064088275,NA,2.7210788732569564,0
6076,b,Tt,NA,NA,0.0037275761205528557,NA,NA,48.9,NA,NA,-2.408458728921925e-4,NA,NA,0.7,1,N,Low,N,Tt/None,THETE,NA,0,NA,0.0406,0,FC10,None,Sp/None,6076 B,0,NA,37.27576120552855,NA,-2.408458728921925,NA,3.618343281784437,NA,2.8280213540437718,0
6077,a,Sp,NA,0.013831292016478036,0.004288336977384288,NA,35.2,42.7,NA,4.2335414013722206e-4,-6.49588744216334e-4,NA,1,0.8,1,N,Low,N,Sp/Sp,SUIPU,6.5e-4,0.00876,NA,0.043739999999999994,NA,FC03,Sp,Sp/Sp,6077 A,0,138.31292016478037,42.88336977384289,4.233541401372221,-6.4958874421633395,4.929518655599915,3.758484099818541,3.1592941730210438,2.551360226112248,0
6077,b,Sp,NA,0.023471324901410018,0.010104481482540173,NA,34.6,46.8,NA,5.802792235178877e-4,-8.904566495800958e-4,NA,1.1,0.9,1,Y,Low,N,Sp/Sp,SUIPU,0.00817,0.00748,NA,0.025800000000000003,NA,FC03,Sp,Sp/Sp,6077 B,0,234.71324901410017,101.04481482540173,5.802792235178877,-8.904566495800958,5.458364552112006,4.615564129573172,3.223792353721174,2.343329369870514,0
6078,a,Tt,NA,0.007300943336191468,0.00793862479905938,NA,48.3,45.8,NA,8.395633882973819e-5,-0.0018320423635135863,NA,1.2,0.6,1,Y,Low,N,Tt/Sp,THETE,NA,0.01268,NA,0.021589999999999998,37.000291800408526,FC04,Tt,Tt/Sp,6078 A,0,73.00943336191467,79.3862479905938,0.8395633882973819,-18.320423635135864,4.290588656935489,4.3743251541414825,3.003699799524054,0,0
6078,b,Sp,NA,0.015821008008825466,0.009730685578526854,NA,41.7,46.9,NA,6.934109537218291e-4,-5.401037176877566e-4,NA,1.2,0.9,1,N,Low,N,Tt/Sp,SUIPU,0.00644,0.00375,NA,0.03691,9.222823413674371,FC04,Sp,Tt/Sp,6078 B,0,158.21008008825464,97.30685578526854,6.9341095372182915,-5.401037176877566,5.063923770675715,4.577869446990003,3.2678386664081955,2.6332825776603386,0
6079,a,Sp,NA,0.0014624773643032718,0.0040684315167789364,NA,41.3,46.6,NA,8.722315516507817e-4,-8.138167351812164e-4,NA,1.1,0.7,1,N,Low,N,Sp/None,SUIPU,0.0114,0.0062,NA,0.07999999999999999,7.192575406032484,FC06,Sp,Sp/None,6079 A,0,14.624773643032718,40.684315167789364,8.722315516507816,-8.138167351812164,2.6827169155986716,3.705842641459068,3.333729744686441,2.414328261615975,0
6079,b,None,NA,NA,0.00350766816666237,NA,NA,46.7,NA,NA,-8.756816078292484e-5,NA,NA,0.8,1,Y,Low,N,Sp/None,NM,NA,NA,NA,NA,NA,NA,NA,NA,NA,0,NA,35.0766816666237,NA,-0.8756816078292484,NA,3.5575365697179997,NA,2.9147793449007717,0
6080,a,Tt,NA,0.005036008229930999,0.006322416137499953,NA,38.8,47.3,NA,-2.9193854839937305e-4,-0.0012371624974163442,NA,0.9,0.6,1,Y,Low,N,Tt/Tt,THETE,NA,0.01527,NA,0.034100000000000005,30.929714401458376,FC06,Tt,Tt/Tt,6080 A,0,50.360082299309994,63.22416137499953,-2.9193854839937305,-12.371624974163442,3.919198843394628,4.1466865283320296,2.7973446347255826,1.9385687900992914,0
6080,b,Tt,NA,0.004915062175964824,0.006102519720808219,NA,40.5,44.8,NA,8.395633882973819e-5,1.4599696984396449e-4,NA,0.8,0.6,1,N,Low,N,Tt/Tt,THETE,NA,0.0087,NA,0.0287,23.262032085561493,FC06,Tt,Tt/Tt,6080 B,0,49.15062175964824,61.02519720808219,0.8395633882973819,1.4599696984396449,3.8948894967603285,4.111286847868758,3.003699799524054,3.034009913960444,0
6084,a,Sp,0.00876320070768144,NA,0.007718735568214674,20.4,NA,45,0.003981417703222023,NA,-8.795080831615065e-4,0.6,NA,0.7,1,Y,Low,N,Sp/Sp,SUIPU,0.0184,0.0179,NA,0.027290000000000002,39.61053330382828,FC04,Sp,Sp/Sp,6084 A,0,NA,77.18735568214674,NA,-8.795080831615065,NA,4.346235657115567,NA,2.3537859494438176,0
6084,b,Sp,NA,0.0051569539881355375,0.011500694138669054,NA,32.4,47.4,NA,2.5912968631119915e-4,-5.875471996402148e-4,NA,0.8,0.7,1,N,Low,N,Sp/Sp,SUIPU,0.00753,0.0041,NA,0.02579,13.716962194713952,FC04,Sp,Sp/Sp,6084 B,0,51.569539881355375,115.00694138669054,2.5912968631119915,-5.8754719964021485,3.9429311858077334,4.744992486425931,3.087021676231735,2.5986036927440144,0
6085,a,Tt,0.0032327818493091964,0.004750135262095556,0.0042113701773915935,28.9,41.8,45.6,1.5329586253060024e-4,-3.6492817574007574e-4,-0.0013794950704167364,1.1,1,0.8,1,N,Low,N,Tt/Sp,THETE,NA,0.0342,NA,0.0353,49.20863309352518,FC06,Tt,Tt/Sp,6085 A,0,47.50135262095556,42.113701773915935,-3.6492817574007574,-13.794950704167363,3.8607581868657985,3.74037314555116,2.7518209240215756,1.709368842105825,0
6085,b,Sp,NA,0.008158513052264782,0.004167389095047991,NA,45.7,44.4,NA,3.3576783213629113e-4,-0.0015948194794525028,NA,NA,1.2,1,Y,Low,N,Tt/Sp,SUIPU,0.0033,0.0015,NA,0.02194,6.399317406143344,FC06,Sp,Tt/Sp,6085 B,0,81.58513052264782,41.67389095047991,3.3576783213629113,-15.948194794525028,4.4016470213780945,3.729874816416647,3.1213997873724537,1.2155739027867203,0
6087,a,Tt,NA,0.0018693231331914362,0.010797095837256743,NA,42.6,47.1,NA,2.1533640718940372e-4,-8.685595191491591e-4,NA,NA,2.9,1,N,High,N,Tt/Tt,THETE,0.0099,0.0216,NA,0.0771,21.88449848024316,FC09,Tt,Tt/Tt,6087 A,0,18.69323133191436,107.97095837256742,2.1533640718940372,-8.68559519149159,2.9281614974767023,4.681862287005359,3.0668330149162246,2.364134317223949,0
6087,b,Tt,NA,0.0020892383716284435,0.0026940002355033688,NA,38.5,45.4,NA,-2.2989744924395428e-4,-6.933828222026595e-4,NA,2,2.7,1,Y,High,N,Tt/Tt,THETE,0.0075,0.0235,NA,0.0538,30.40103492884864,FC09,Tt,Tt/Tt,6087 B,0,20.892383716284435,26.940002355033688,-2.2989744924395428,-6.9338282220265945,3.0393846770665225,3.2936122583999454,2.834474263039897,2.5166148728209343,0
6088,a,Tt,NA,0.004519236658719228,0.0054758095693441255,NA,42.7,45.7,NA,1.5329586253060024e-4,-5.875471996402148e-4,NA,0.9,0.7,1,Y,Low,N,Tt/Tt,THETE,NA,0.01057,NA,0.01399,43.037459283387626,FC01,None,None/None,6088 A,0,45.19236658719228,54.758095693441255,1.5329586253060024,-5.8754719964021485,3.810928191761885,4.002925224312302,3.0375161538150044,2.5986036927440144,0
6088,b,Tt,NA,0.005398844617262588,0.0050470033110803225,NA,46.8,42.1,NA,-7.043313477148594e-4,-8.430128791446778e-4,NA,0.9,0.6,1,N,Low,N,Tt/Tt,THETE,NA,0.00704,NA,0.02207,24.184129165235316,FC01,None,None/None,6088 B,0,53.988446172625885,50.47003311080323,-7.043313477148594,-8.430128791446778,3.988770063905431,3.921379756401158,2.5077365658706148,2.3878720112972798,0
6090,a,Tt,0.017052173391278735,0.010445292932755423,0.033494086828425695,35.1,27.5,47,0.003977768537451187,-7.444759618465691e-4,-0.0011641715920852058,2.6,1.6,1.8,1,Y,High,N,Tt/None,THETE,NA,0.03334,NA,0.04592,42.064092858945244,FC12,Tt,Tt/None,6090 A,0,104.45292932755423,334.94086828425696,-7.444759618465691,-11.641715920852057,4.648736532870723,5.813954003660579,2.474491265550675,2.038451266631911,0
6090,b,None,NA,NA,0.018876879989659034,NA,NA,45.8,NA,NA,-0.001456135855088636,NA,NA,3.4,1,N,High,N,Tt/None,NM,NA,NA,NA,NA,NA,NA,NA,NA,NA,0,NA,188.76879989659034,NA,-14.56135855088636,NA,5.2405229852703155,NA,1.560051238080234,0
6092,a,Sp,NA,NA,0.005904612109858043,NA,NA,46,NA,NA,-3.5762920819359945e-4,NA,NA,0.6,1,Y,Low,N,Sp/Sp,SUIPU,0.00245,9.9e-4,NA,0.0254,NA,FC08,Sp,Sp/Sp,6092 A,0,NA,59.04612109858043,NA,-3.5762920819359945,NA,4.0783188520620905,NA,2.7564676960422565,0
6092,b,Sp,NA,0.01889886399602725,0.005299889502883737,NA,36,48.1,NA,2.95624056170396e-4,-3.3208283020252916e-4,NA,1.1,0.6,1,N,Low,N,Sp/Sp,SUIPU,NA,0.0028,NA,0.07474,3.6110394635027085,FC08,Sp,Sp/Sp,6092 B,0,188.98863996027248,52.99889502883737,2.95624056170396,-3.3208283020252916,5.241686907222898,3.970271064822286,3.1035396819842878,2.772563430239352,0
6093,a,Tt,NA,0.027504851665630214,0.024042852787608204,NA,29.8,43.3,NA,2.226352897165551e-4,-0.001175120221067083,NA,1.6,1.8,1,N,High,N,Tt/Tt,THETE,NA,0.06445,NA,0.1644,28.162551889884202,FC15,Tt,Tt/None,6093 A,0,275.0485166563021,240.42852787608206,2.226352897165551,-11.75120221067083,5.616947506310386,5.482422863990244,3.0702262244937395,2.0240902120232,0
6093,b,Tt,0.039526546279702535,0.01876695981122012,0.017447898612021007,25.1,37,45.8,0.013347945212868972,0.003229683909854675,-2.7369115827413637e-4,1.3,2,2.7,1,Y,High,N,Tt/Tt,THETE,NA,0.05466,NA,0.05412,50.24820739106454,FC15,None,Tt/None,6093 B,0,187.6695981122012,174.47898612021007,32.29683909854675,-2.7369115827413637,5.234682959840885,5.161804311011119,3.9438561656408204,2.8084089519072344,0
6094,a,Tt,NA,0.010731132983286873,0.018349260904860998,NA,41.2,44.8,NA,2.9214541416577866e-5,-0.0014342384760079874,NA,NA,2,1,Y,High,N,Tt/Tt,THETE,NA,0.02518,NA,0.05662,30.782396088019564,FC12,Sp,Sp/None,6094 A,0,107.31132983286872,183.49260904860998,0.29214541416577866,-14.342384760079874,4.675734234303484,5.212174389019207,2.976170638731176,1.605036013287344,0
6094,b,Tt,0.008037574633984246,0.013061767126727464,0.025812349163899073,19.5,26.6,45.7,-0.001178769764595744,-6.824342990967569e-4,-9.853443260043893e-4,1.7,1.4,1.9,1,N,High,N,Tt/Tt,THETE,NA,0.03333,NA,0.04045,45.174844131200864,FC12,None,Sp/None,6094 B,0,130.61767126727463,258.12349163899074,-6.824342990967569,-9.853443260043893,4.872274516014212,5.55343812016889,2.525415046675121,2.2478099941639327,0
6096,a,None,NA,NA,0.003969473740514928,NA,NA,34,NA,NA,8.395633882973819e-5,NA,NA,0.7,1,Y,Low,N,Tt/None,NM,NA,NA,NA,NA,NA,NA,NA,NA,NA,0,NA,39.69473740514928,NA,0.8395633882973819,NA,3.6812186198421655,NA,3.003699799524054,0
6096,b,Tt,NA,0.006069535173978791,0.00458520779825089,NA,49.2,47.3,NA,-2.9176775461658977e-5,-5.911967001233642e-4,NA,1,0.8,1,N,Low,N,Tt/None,THETE,NA,0,NA,0.01954,0,FC04,None,None/None,6096 B,0,60.69535173978791,45.8520779825089,-0.29176775461658977,-5.911967001233642,4.105867117535016,3.8254205189952084,2.945946047206554,2.5958855999842565,0
6097,a,Tt,0.005398844617262588,0.03361496300521116,0.03364792918395754,15.4,33.1,37.8,9.707650762094122e-4,0.0014159882017047432,-1.8245430790692074e-4,1,2.2,1.5,1,Y,High,N,Tt/Tt,THETE,8.1e-4,0.02779,NA,0.03915,41.514789363609204,FC05,Tt,Tt/Sp,6097 A,0,336.1496300521116,336.47929183957535,14.159882017047432,-1.8245430790692074,5.817556388370372,5.818536607338454,3.510957374975758,2.861965456423103,0
6097,b,Tt,NA,0.05436831745602655,0.013105740300138446,NA,30.1,45.9,NA,2.445319308815863e-4,-7.116303660598677e-4,NA,3.3,1.1,1,N,High,N,Tt/Tt,THETE,NA,0.02726,NA,0.09813,21.740170667517344,FC05,Sp,Tt/Sp,6097 B,0,543.6831745602655,131.05740300138447,2.445319308815863,-7.116303660598677,6.298366677489963,4.87563541807384,3.0803373092230477,2.501773597561361,0
6098,a,None,NA,NA,0.008466354964331124,NA,NA,46.8,NA,NA,5.985262941544667e-4,NA,NA,1.7,1,Y,High,N,MIXED/THETE,MIXED,NA,NA,NA,NA,NA,NA,NA,NA,NA,Tt,NA,84.66354964331124,NA,5.985262941544667,NA,4.438685162436248,NA,3.23102913635411,0
6098,b,Tt,NA,0.032582011603750294,0.005519789488187987,NA,49.4,42.9,NA,0.004068997601523849,-6.313412230848914e-4,NA,3.5,1.8,1,N,High,N,MIXED/THETE,THETE,NA,0,0.0022,0.042800000000000005,0,FC09,None,Sp/None,6098 B,0,325.82011603750294,55.197894881879876,40.68997601523849,-6.313412230848914,5.786345437777862,4.010924816358018,4.094517874708863,2.5654885508619487,0
6099,a,Tt,0.033636940460150866,0.02097630849866916,0.035461035166824084,20.4,41.2,38.9,0.0014378843183308065,-1.0929481584875944e-5,-8.795080831615065e-4,NA,2,1.5,1,N,High,N,Tt/Tt,THETE,NA,0.02702,NA,0.09562000000000001,22.03196347031963,FC16,None,None/None,6099 A,0,209.7630849866916,354.61035166824087,-0.10929481584875944,-8.795080831615065,5.345978727128309,5.871019585735844,2.9554897371200033,2.3537859494438176,0
6099,b,Tt,0.02849394968384411,0.02185562379867756,0.02239419669859566,28.1,40.9,41.2,0.0035946046438556922,0.0029778870447290107,-4.63464342289277e-4,2,1.8,1.6,1,Y,High,N,Tt/Tt,THETE,NA,0.0144,NA,0.04307999999999999,25.05219206680585,FC16,None,None/None,6099 B,0,218.55623798677559,223.94196698595658,29.778870447290107,-4.63464342289277,5.387043363509063,5.411386942333516,3.893844657557122,2.686879693116197,0
