Plant,Side,mycofungus,hyphae.APE13C,mycorrhizas.APE13C,uncolonized_roots.APE13C,hyphae.pctC,mycorrhizas.pctC,uncolonized_roots.pctC,hyphae.APE15N,mycorrhizas.APE15N,uncolonized_roots.APE15N,hyphae.pctN,mycorrhizas.pctN,uncolonized_roots.pctN,enriched,received15N,N_level,Failed_split,Fungi,compartment_fungus,dead_tissue,mycorrhizas,other,roots,percent_col,Batch,Fungus_attempted,competitors,attempted,Plantside,versus,mycoC13ppmexcess,nmC13ppmexcess,mycoN15ppmexcess,nmN15ppmexcess,mycologC13,nmlogC13,mycologN15,nmlogN15,competition_treatment,forced.uncolonized.N15ppmexcess,forced.mycorrhizas.N15ppmexcess,forced.mycoC13forN15,forced.nmC13forN15,uncolN15ppmexcess
6001,a,Sp,NA,0.013556463073283842,0.0035846360617450834,NA,37.9,41.2,NA,0.0011276884351851257,-3.831755992851349e-4,NA,1.6,0.9,1,Y,Low,N,Sp/None,Sp,0.00312,0.00774,NA,0.02099,26.94048033414549,FC04,Sp,Sp/None,Sp/None,6001 A,None,135.56463073283842,35.846360617450834,11.276884351851258,-3.831755992851349,4.9094485061793,3.5792420449454574,3.4209120308069045,2.740108636674128,None,15.488667642284515,30.597307986987122,4.430606470036297,2.314360501841309,-3.831755992851349
6006,a,Tt,NA,0.04377849347977203,0.025570558363084084,NA,46.5,43.6,NA,0.006601449726569841,0.0010911946748844437,NA,2.6,1.8,1,Y,High,N,Tt/Tt,Tt,NA,0.0131,NA,0.06016,17.881517881517883,FC15,Tt,Tt/Tt,Tt/Tt,6006 A,0,437.78493479772027,255.70558363084083,66.01449726569841,10.911946748844436,6.081727773344836,5.544026718706519,4.446583759945047,3.408913217360745,Self,30.2323703839803,85.33492090083428,5.130196760907061,8.4580064474975991,10.911946748844436
6008,b,Sp,NA,0.004563217428184441,0.003573640655495147,NA,38.3,37.9,NA,1.5329586253060024e-4,-3.3208283020252916e-4,NA,1.1,0.7,1,Y,Low,N,Sp/Sp,Sp,NA,4.8e-4,NA,0.03811,1.2438455558434829,FC06,Sp,Sp/Sp,Sp/Sp,6008 B,0,45.63217428184441,35.73640655495147,1.5329586253060024,-3.3208283020252916,3.820613044074606,3.5761699606067596,3.0375161538150044,2.772563430239352,Self,15.999595333110573,20.853382260441865,2.188238517470954,2.2335819007244697,-3.3208283020252916
6010,a,Tt,0.007201992027461301,0.030900672216962022,0.024845178866740314,12,35.1,46.9,0.001339351717721815,0.0035654110835123265,2.335836115021639e-4,1.1,1.9,1.4,1,Y,High,N,Tt/None,Tt,NA,0.01606,NA,0.09852999999999999,14.015184571079503,FC16,Tt,Tt/None,Tt/None,6010 A,0,309.0067221696202,248.45178866740315,35.65411083512326,2.335836115021639,5.733363031255358,5.51524881732772,4.0068700683787615,3.075294546613798,None,21.656259750157503,54.97453447025913,5.620906573329709,11.472516100828361,2.335836115021639
6011,b,Sp,NA,0.02042672849601357,0.011808515247866636,NA,25.6,46.9,NA,2.919746203876028e-4,-7.225788955825818e-4,NA,0.7,0.6,1,Y,Low,N,Tt/Sp,Sp,0.00677,0.00798,NA,0.07516,NA,FC13,Sp,Tt/Sp,Tt/Sp,6011 B,0,204.2672849601357,118.08515247866636,2.919746203876028,-7.225788955825818,5.319429356647306,4.771405995390222,3.101900105999441,2.492761939332169,Other,12.094634679310046,22.24016983901189,9.184609939526032,9.763432762518354,-7.225788955825818
6012,a,Tt,0.014040160991854789,0.030614948729296376,0.02430663266099531,4.2,39.1,45.3,0.008170483708488274,0.006692673985692843,-2.3719639807545656e-4,0.3,2.6,1.2,1,Y,High,N,Tt/Sp,Tt,0.0129,0.0927,NA,0.0704,56.83629675045984,FC02,Tt,Tt/Sp,Tt/Sp,6012 A,0,306.1494872929638,243.06632660995308,66.92673985692844,-2.3719639807545656,5.724073503230299,5.493334355108896,4.457217168322148,2.8301769538492882,Other,16.9484596543813,86.2471634920643,3.5496760113291486,14.34149955610383,-2.3719639807545656
6015,b,Tt,0.02018491135985867,0.02596621542156563,0.01641460943040829,15.6,25.8,45.3,0.008316437845406421,0.012242443652185742,0.001587507524355547,1.3,NA,1,1,Y,High,N,Tt/Sp,Tt,NA,0.092,NA,0.10456,46.8050468050468,FC07,None,Tt/Sp,Sp/None,6015 B,0,259.6621542156563,164.14609430408288,122.42443652185742,15.87507524355547,5.5593813791915245,5.100756850207834,4.954028682035063,3.5609182016631817,Other,35.19549887869133,141.74486015699327,1.8318982002455724,4.663837693275689,15.87507524355547
6019,a,Sp,NA,0.0314281573949684,0.009356886849290369,NA,23,45.2,NA,0.014271001976754571,-7.116303660598677e-4,NA,1.3,0.9,1,Y,Low,N,Sp/Sp,Sp,0.03587,0.0185,NA,0.020040000000000002,NA,FC13,Sp,Sp/Sp,Sp/Sp,6019 A,0,314.28157394968406,93.56886849290369,142.7100197675457,-7.116303660598677,5.750289316407859,4.538697726587834,5.087784239815987,2.501773597561361,Self,12.204119974537186,162.03044340268156,1.9396452132678839,7.666990220362209,-7.116303660598677
6020,b,Sp,NA,0.03720814712046905,0.010676163871104594,NA,36,42.7,NA,0.0022991239380654727,-3.1018594520865195e-4,NA,1.3,0.5,1,Y,Low,N,Sp/Sp,Sp,0.01921,0.00283,NA,0.03295,NA,FC11,Sp,Sp/Sp,Sp/Sp,6020 B,0,372.0814712046905,106.76163871104593,22.991239380654726,-3.1018594520865195,5.919112838909021,4.670598673903777,3.745062769461558,2.786156523378718,Self,16.218564183049345,42.311663015790586,8.793827627759061,6.582681272280976,-3.1018594520865195
6021,a,Tt,0.003089840360507967,0.005014018060299774,0.0025180702741527394,24.2,38.7,45.6,-3.5762920819359945e-4,-6.932084551769524e-5,-3.35732311970649e-4,0.7,0.9,0.6,1,Y,Low,N,Tt/Tt,Tt,NA,0.01844,NA,0.040319999999999995,31.381892443839355,FC13,Tt,Tt/Tt,Tt/None,6021 A,0,50.140180602997745,25.180702741527394,-0.6932084551769524,-3.35732311970649,3.9148226946980866,3.226077936945084,2.9246236930300373,2.770279841038147,Self,15.963100515429375,18.62721517995891,2.6917700857905884,1.5774318226705775,-3.35732311970649
6022,a,Tt,NA,0.018711999630377507,0.026317907926934447,NA,26.5,43.5,NA,4.016290571162706e-5,-3.6305659057433992e-6,NA,NA,1.4,1,Y,High,N,Tt/Tt,Tt,NA,0.0427,NA,0.0451,48.63325740318907,FC07,Tt,Tt/Tt,Tt/Tt,6022 A,0,187.11999630377508,263.17907926934447,0.4016290571162706,-0.03630565905743399,5.231750102522691,5.5728347102332565,2.981737435656499,2.9592818543466093,Self,19.28411797607843,19.722052692252134,9.48785601699998,13.647452250386197,-0.03630565905743399
6023,a,Tt,0.02202049367673209,0.028526919277042095,0.026229985035095993,40.7,NA,46.4,0.00749908917032216,0.009812443091747558,0.003120207168362532,2.7,2.5,1.7,1,Y,High,N,Tt/Tt,Tt,NA,0.0198,NA,0.0394,33.44594594594595,FC14,Tt,Tt/Tt,Tt/Tt,6023 A,0,285.26919277042094,262.2998503509599,98.12443091747558,31.20207168362532,5.653433270511743,5.569488316346397,4.7659689004612265,3.9224186889537465,Self,50.52249531876119,117.44485455261145,2.4289628852375964,5.191743770691323,31.20207168362532
6024,b,Tt,0.12167707452960985,0.03097759748923634,0.022097432765042058,20.8,46.3,48.6,0.015788718203993857,0.005280503730484332,7.31780560786488e-6,2,2.8,1.7,1,Y,High,N,Tt/Tt,Tt,NA,0.0189,NA,0.0393,32.47422680412371,FC14,None,Tt/Tt,Tt/None,6024 B,0,309.7759748923634,220.97432765042058,52.80503730484332,0.0731780560786488,5.7358493745958645,5.398046530292403,4.278407115656774,2.964943201938881,Self,19.393601691214513,72.12546093997918,4.294960071730432,11.394187174140225,0.0731780560786488
6025,a,Tt,0.01962433072348735,0.018668031441723798,0.03831791573269672,10.5,33.3,42.8,0.0026421559113664617,0.003809906623017445,0.0024742894961665707,0.8,1.4,1.1,1,Y,High,N,Tt/Sp,Tt,NA,0.01655,NA,0.042460000000000005,28.04609388239281,FC07,Tt,Tt/Sp,Tt/Sp,6025 A,0,186.68031441723798,383.1791573269672,38.09906623017445,24.742894961665705,5.229397605337953,5.948502653508289,4.050383790385085,3.7856276584833566,Other,44.063318596801565,57.41948986531031,3.251166369731542,8.696103006521644,24.742894961665705
6026,a,Tt,NA,0.018063464883455005,0.014578819015147904,NA,41,46.4,NA,0.004437561319404981,-1.0946494792402062e-4,NA,2.3,1.9,1,Y,High,N,Tt/Tt,Tt,NA,0.02705,NA,0.09192,22.736824409515002,FC15,Tt,Tt/Tt,Tt/Sp,6026 A,0,180.63464883455003,145.78819015147903,44.37561319404981,-1.0946494792402062,5.196476476593163,4.982154815961063,4.154122344460283,2.902836754682318,Self,18.225774155895657,63.69603682918567,2.835885210864215,7.999012217778392,-1.0946494792402062
6028,b,Tt,NA,0.011049952629107906,0.0060915248743094175,NA,22.6,45.1,NA,7.116579829188896e-4,-8.466623983431898e-4,NA,0.9,1.6,1,Y,High,N,MIXED/THETE,Tt,0.0105,0.0629,NA,0.0385,62.03155818540434,FC09,None,MIXED/THETE,Sp/None,6028 B,0,110.49952629107906,60.915248743094175,7.116579829188896,-8.466623983431898,4.705011233990058,4.109483533243723,3.27476467513886,2.384515216995081,Mixed,10.853799651703966,26.43700346432476,4.1797296142201565,5.612343206789425,-8.466623983431898
6029,b,Tt,NA,0.008884137351575339,0.010401317393731846,NA,46.9,46.4,NA,1.8249142258303097e-4,-4.707633253426269e-4,NA,1.5,0.8,1,Y,Low,N,Tt/Tt,Tt,NA,0.00153,NA,0.03923,3.7536800785083417,FC08,Tt,Tt/Tt,Tt/Tt,6029 B,0,88.84137351575339,104.01317393731846,1.8249142258303097,-4.707633253426269,4.486852459462245,4.6445175635933085,3.051419449087941,2.6818971987451077,Self,14.612790381709594,21.145337860966173,4.201463892414441,7.117954286643893,-4.707633253426269
6031,a,Tt,NA,0.006597285283492793,0.005948591647396917,NA,33.5,45,NA,-6.49588744216334e-4,-7.992186696161863e-4,NA,0.7,0.6,1,Y,Low,N,Tt/None,Tt,NA,0.00805,NA,0.017980000000000003,30.925854782942753,FC04,Tt,Tt/None,Tt/None,6031 A,0,65.97285283492793,59.48591647396917,-6.4958874421633395,-7.992186696161863,4.18924333672796,4.085739586617726,2.551360226112248,2.4272984529556103,None,11.328236938974001,12.824536192972523,5.144268131199876,5.251118668723468,-7.992186696161863
6032,b,Tt,0.004508241460242202,0.005574764331746751,0.007850669224038764,15.1,43.9,50.4,-6.860838065314567e-4,-7.444759618465691e-4,-8.57610957542998e-4,0.7,1,0.6,1,Y,Low,N,Tt/Tt,Tt,NA,0.02386,NA,0.04517,34.564682022309135,FC04,Tt,Tt/Tt,Tt/Tt,6032 B,0,55.74764331746751,78.50669224038765,-7.444759618465691,-8.57610957542998,4.0208351371143065,4.363183872624569,2.474491265550675,2.374376689965148,Self,10.744314059705884,11.875664016670173,4.694275893896385,7.306812869032674,-8.57610957542998
6033,b,Sp,0.018448189912061874,0.02005301060536402,0.006311421339885381,23.1,32.2,41.9,0.0047805785672452306,0.0015035726104622449,-9.34250939317427e-4,1.1,1.8,0.9,1,Y,Low,N,Sp/Sp,Sp,NA,0.00314,NA,0.05809,5.128205128205128,FC01,Sp,Sp/Sp,Sp/Sp,6033 B,0,200.5301060536402,63.11421339885381,15.035726104622448,-9.34250939317427,5.300964390355507,4.144945996144571,3.5367810343692243,2.3003740746897035,Self,9.977914241961594,34.35614973975831,5.836803820352976,6.3253914463836844,-9.34250939317427
6034,a,Tt,NA,0.01450186822817523,0.02051466170688876,NA,35.7,41.8,NA,4.963426125029202e-4,-3.7952611404140635e-4,NA,3.6,1.9,1,Y,High,N,MIXED/THETE,Tt,NA,0.02442,NA,0.040190000000000003,37.79600681009132,FC05,Tt,MIXED/THETE,Tt/Sp,6034 A,0,145.0186822817523,205.1466170688876,4.963426125029202,-3.7952611404140635,4.976862577443416,5.3237249287151265,3.189811510466191,2.7424620944135145,Mixed,15.525162494721801,24.283849760165065,5.971815989392225,13.213814485911676,-3.7952611404140635
6035,b,Tt,0.00681717950039773,0.005574764331746751,0.00857629803998261,41.6,47.1,48.2,0.008163185990416322,-9.121762463820682e-5,-3.028869856829264e-4,2.2,1.3,0.9,1,Y,Low,N,Tt/Tt,Tt,NA,0.00437,NA,0.02195,16.60334346504559,FC13,Tt,Tt/Tt,Tt/Tt,6035 B,0,55.74764331746751,85.7629803998261,-0.9121762463820682,-3.028869856829264,4.0208351371143065,4.451587449515107,2.912798791840597,2.790646800404611,Self,16.2915537783066,18.408247388753797,3.0284058085576127,5.264260338017962,-3.028869856829264
6036,b,Sp,NA,0.004387294115665963,0.005233919316637747,NA,45.3,42.7,NA,5.1111267600434385e-5,-1.9340272112816637e-4,NA,1.3,0.6,1,Y,Low,N,Sp/Sp,Sp,1.6e-4,0,NA,0.04259,0,FC11,None,Sp/Sp,Sp/None,6036 B,0,43.87294115665963,52.33919316637747,0.5111126760043438,-1.9340272112816637,3.781297755480669,3.95774548174393,2.9872734136174905,2.855688085722947,Self,17.3863964238542,19.83153631114021,2.212281513057279,3.0103531456678336,-1.9340272112816637
6038,b,Tt,NA,0.04125154051905788,0.01773369819095838,NA,42.9,48.1,NA,0.004200367160267726,-1.3866067908407942e-4,NA,2.1,1.8,1,Y,High,N,Tt/Tt,Tt,NA,0.0325,NA,0.036699999999999997,46.96531791907515,FC14,Tt,Tt/Tt,Tt/Tt,6038 B,0,412.5154051905788,177.3369819095838,42.00367160267726,-1.3866067908407942,6.022273550993949,5.178051775139983,4.116172836473764,2.8866881397139643,Self,17.93381684429507,61.324095237813125,6.726807849196235,9.888412681430752,-1.3866067908407942
6041,b,Tt,NA,0.12292754376658754,0.014007181738600716,NA,47.9,36.9,NA,0.044999390699924036,0.0029632900859812294,NA,3,1.2,1,Y,High,N,Tt/Sp,Tt,NA,0.0018,NA,0.0352,4.864864864864864,FC07,None,Tt/Sp,Sp/None,6041 B,0,1229.2754376658754,140.07181738600715,449.9939069992404,29.632900859812295,7.114180199725183,4.942155272407985,6.151272758525024,3.8908672828081814,Other,48.95332449494816,469.31433063437623,2.61930087667311,2.8613341143043747,29.632900859812295
6043,b,Sp,NA,0.06071673002756617,0.012611039844925731,NA,28.1,45.6,NA,-2.0800060916620344e-4,-7.371769386890215e-4,NA,1.9,1,1,Y,High,N,MIXED/SUIPU,Sp,0.00316,0.00207,NA,0.04733,4.190283400809716,FC02,Sp,MIXED/None,Sp/Sp,6043 B,0,607.1673002756617,126.1103984492573,-2.0800060916620344,-7.3717693868902145,6.408804371330326,4.837157701500159,2.8472564844012993,2.480618656826382,Self,11.94865424824565,17.24041754347383,35.21766794479396,10.554359999811139,-7.3717693868902145
6044,b,Tt,NA,0.007894647031101654,0.00875220645266328,NA,47.6,47,NA,-1.861037787133646e-4,-1.2771227789387662e-4,NA,1,0.7,1,Y,Low,N,Tt/Tt,Tt,NA,0.0018600000000000001,NA,0.02524,6.863468634686347,FC13,None,Tt/Tt,None/None,6044 B,0,78.94647031101654,87.5220645266328,-1.8610377871336459,-1.2771227789387662,4.368770031798696,4.471890927593723,2.8598773749933937,2.8927744721870288,Self,18.0433008561971,17.459385848002217,4.521720924109708,4.850668135734861,-1.2771227789387662
6045,b,Tt,NA,0.00647634304745992,0.004882076837188887,NA,39.5,46.4,NA,-2.3719639807545656e-4,-0.001321102170759536,NA,0.9,0.6,1,Y,Low,N,Tt/Tt,Tt,NA,0.03315,NA,0.032869999999999996,50.21205695243866,FC03,Tt,Tt/Tt,Tt/Tt,6045 B,0,64.7634304745992,48.82076837188887,-2.3719639807545656,-13.21102170759536,4.170741099528128,3.888155803716192,2.8301769538492882,1.8098288841929426,Self,6.109401927540503,16.9484596543813,3.821198610096546,7.991087990431646,-13.21102170759536
6048,b,Tt,NA,0.031658930390853435,0.010016529759296011,NA,40.4,41.5,NA,0.0048754552613339275,-1.4231014668225628e-4,NA,2.7,1.5,1,Y,High,N,Tt/None,Tt,NA,0.00354,NA,0.0211,14.366883116883116,FC02,Sp,Tt/None,Sp/Sp,6048 B,0,316.58930390853436,100.16529759296012,48.75455261333927,-1.4231014668225628,5.757605362632795,4.606821797256608,4.220609689657451,2.8846511021200127,None,17.897322168313302,68.07497624847514,4.650597346563538,5.596663939497045,-1.4231014668225628
6049,a,Tt,0.014282008177049388,0.05637837019392866,0.02185562379867756,10,37.1,44.5,0.0018320127718325363,0.004565280783437431,2.9214541416577866e-5,0.7,2.8,1.7,1,Y,High,N,Tt/None,Tt,0.02036,0.0172,NA,0.08981,16.073264180917672,FC02,Tt,Tt/None,Tt/None,6049 A,0,563.7837019392866,218.55623798677559,45.65280783437431,0.29214541416577866,6.334670670740519,5.387043363509063,4.1739753615270345,2.976170638731176,None,19.61256904930164,64.97323146951017,8.67716887690667,11.143682270148993,0.29214541416577866
6050,b,Sp,NA,0.02149290813204563,0.009884601881156252,NA,22.5,33.4,NA,2.0438808139339182e-4,-9.926433855231842e-4,NA,1.8,1.4,1,Y,High,N,Sp/Sp,Sp,0.02985,0.02736,NA,0.03931,41.037948102594875,FC05,Sp,Sp/Sp,Sp/Sp,6050 B,0,214.9290813204563,98.84601881156252,2.043880813933918,-9.926433855231842,5.3703081193903,4.593563273758145,3.0617215129409443,2.2400700996655294,Self,9.393989779904022,21.36430444906978,10.060195586185559,10.52226169364349,-9.926433855231842
6052,a,Tt,NA,0.008950102669053717,0.011599636847000827,NA,32.1,46.6,NA,9.233230331580633e-4,-0.0010729331108141893,NA,1.4,1.3,1,Y,High,N,MIXED/THETE,Tt,NA,0.01834,NA,0.038060000000000004,32.51773049645389,FC12,Tt,MIXED/THETE,Tt/Sp,6052 A,0,89.50102669053717,115.99636847000826,9.233230331580632,-10.729331108141892,4.494250096617663,4.75355888432328,3.3517849127363557,2.150725913821873,Mixed,8.591092526993972,28.553653966716496,3.1344859328639285,13.501934486858037,-10.729331108141892
6053,a,Tt,NA,0.0031887998967550235,0.003452691025413346,NA,43.6,43.7,NA,-2.8463959154723106e-4,-6.641867659340495e-4,NA,0.6,0.5,1,Y,Low,N,Tt/Sp,Tt,NA,0.01596,NA,0.046400000000000004,25.593329057087878,FC08,Tt,Tt/Sp,Tt/Sp,6053 A,0,31.887998967550235,34.526910254133455,-2.8463959154723106,-6.641867659340495,3.4622297310930623,3.5417390273558516,2.801785063148669,2.539912060488963,Other,12.67855597579537,16.474027719663553,1.9356528658433918,2.7232525786098023,-6.641867659340495
6055,a,Tt,0.001605423556345853,0.0054758095693441255,0.009290922074382202,30.4,44.8,47,-3.1748490580379984e-4,-7.116303660598677e-4,-0.001390443746722314,2.4,2.5,2.3,1,Y,High,N,Tt/Tt,Tt,0.00445,0.01212,NA,0.0451,21.1814051031108,FC09,Tt,Tt/Tt,Tt/Tt,6055 A,0,54.758095693441255,92.90922074382202,-7.116303660598677,-13.90443746722314,4.002925224312302,4.5316228954027,2.501773597561361,1.68935498167627,Self,5.415986167912724,12.204119974537186,4.486853276409046,17.15462666693413,-13.90443746722314
6056,b,Sp,NA,0.004475255850144633,0.004134403257624486,NA,22.7,46.9,NA,0.0011276884351851257,-5.10907751252343e-4,NA,0.6,0.7,1,Y,Low,N,MIXED/SUIPU,Sp,NA,0.01282,NA,0.02185,36.97721372944909,FC10,None,MIXED/SUIPU,Sp/None,6056 B,0,44.75255850144633,41.34403257624486,11.276884351851258,-5.10907751252343,3.801148616303216,3.721928096091445,3.4209120308069045,2.6540406682776876,Mixed,14.211346122612433,30.597307986987122,1.4626305856867985,2.909227051367087,-5.10907751252343
6063,a,Sp,NA,0.0728840722502695,0.006982099521478657,NA,34.7,43.3,NA,6.569168752761922e-4,-0.001076582646856672,NA,1.7,1.1,1,Y,High,N,Sp/None,Sp,0.0031,0.0122,NA,0.06801,15.210073556913104,FC02,Sp,Sp/None,Sp/Sp,6063 A,0,728.8407225026949,69.82099521478658,6.5691687527619225,-10.765826468566718,6.59145522048613,4.245934755582558,3.25384104964174,2.1464688187508947,None,8.554597166569145,25.889592387897785,28.151880940520137,8.161809826375327,-10.765826468566718
6064,a,Sp,NA,0.011643611320497849,0.006795190122702577,NA,36.8,46,NA,-3.28433348701862e-4,-0.001175120221067083,NA,1.8,1.4,1,Y,High,N,Tt/Sp,Sp,0.0124,0.00185,NA,0.04229,4.191209787041233,FC05,Sp,Tt/Sp,Sp/Sp,6064 A,0,116.43611320497848,67.95190122702577,-3.2843334870186203,-11.75120221067083,4.7573427380813555,4.218800120000071,2.7748418163731676,2.0240902120232,Other,7.569221424465034,16.036090148117243,7.260879187477563,8.977396407957292,-11.75120221067083
6065,b,Tt,NA,0.01165460493276238,0.027109206918453532,NA,35,47.3,NA,1.313991812624815e-4,-0.0010254891665923416,NA,NA,1.8,1,Y,High,N,Tt/Tt,Tt,NA,0.01168,NA,0.12567,8.503822351656352,FC12,None,Tt/Tt,None/None,6065 B,0,116.5460493276238,271.0920691845353,1.3139918126248151,-10.254891665923417,4.758286468104372,5.6024585018699025,3.0269603346114202,2.204479526347361,Self,9.065531969212447,20.63441544776068,5.648139130603372,29.90360302133334,-10.254891665923417
6066,b,Tt,0.0250540013276197,0.046008696835931895,0.018711999630377507,12.8,46.6,41.6,0.001996232040467727,0.002003530662064268,-6.167432109921434e-4,1,2.9,1.3,1,Y,High,N,Tt/Tt,Tt,NA,0.00971,NA,0.03839,20.187110187110186,FC12,Sp,Tt/Tt,Tt/Sp,6066 B,0,460.086968359319,187.11999630377508,20.03530662064268,-6.1674321099214335,6.131415533263932,5.231750102522691,3.6726415870258315,2.576649225163042,Self,13.15299152521443,39.35573025577854,11.690469605547852,14.226421110746097,-6.1674321099214335
6068,b,Tt,0.001990276635336574,0.008125529876608306,0.0021222255730573014,17.3,40.1,45.6,0.0014086894940240624,0.004211314607858063,-0.0010510359001740799,2.1,2.7,1.9,1,Y,High,N,Tt/None,Tt,0.0053,0.01874,NA,0.036449999999999996,33.95542670773691,FC05,None,Tt/None,None/None,6068 B,0,81.25529876608306,21.222255730573014,42.113146078580634,-10.510359001740799,4.3975960346659635,3.055050429636688,4.117956423754739,2.1758947762883807,None,8.810064633395065,61.433569713716494,1.3226530567039618,2.408864930471544,-10.510359001740799
6069,a,Tt,0.0027599738096735216,0.005816652917456588,0.006069535173978791,36.4,40.5,44.1,2.5912968631119915e-4,6.824627329953259e-4,3.978081495444874e-4,1.6,0.9,0.6,1,Y,Low,N,Tt/None,Tt,NA,0.00352,NA,0.02879,10.89445991952956,FC11,Tt,Tt/None,Tt/None,6069 A,0,58.16652917456588,60.69535173978791,6.824627329953259,3.978081495444874,4.063310089210534,4.105867117535016,3.2636599169626965,3.14838920102767,None,23.298505130580736,26.145050965089123,2.2247625086764717,2.605117856257717,3.978081495444874
6070,a,Tt,NA,0.03135123282365626,0.029406100319721462,NA,40.5,50.7,NA,0.00275163370347431,-2.6274272740728355e-4,NA,2.6,2.1,1,Y,High,N,Tt/Tt,Tt,NA,0.0118,NA,0.0298,28.365384615384613,FC14,Sp,Tt/Tt,Sp/None,6070 A,0,313.5123282365626,294.06100319721463,27.5163370347431,-2.6274272740728355,5.747838683818328,5.683787239682883,3.8466683789913025,2.814989251881436,Self,16.692996361063027,46.83676066987896,6.69372355714994,17.615831024987326,-2.6274272740728355
6071,a,Tt,0.003331741099555696,0.0032327818493091964,0.004475255850144633,23.1,42.2,46.3,-0.0010619845042910137,-6.641867659340495e-4,-1.0929481584875944e-5,0.8,0.9,0.6,1,Y,Low,N,Tt/Sp,Tt,NA,0.02043,NA,0.01718,54.32065939909598,FC11,Tt,Tt/Sp,Tt/Sp,6071 A,0,32.32781849309197,44.75255850144633,-6.641867659340495,-0.10929481584875944,3.4759281132185884,3.801148616303216,2.539912060488963,2.9554897371200033,Other,19.211128819287104,12.67855597579537,2.5498028761957596,2.3295121761151685,-0.10929481584875944
6075,a,Tt,NA,0.0032767637627519886,0.005453819595256926,NA,43.9,49,NA,1.4616718613580382e-5,1.5329586253060024e-4,NA,0.7,0.6,1,Y,Low,N,Tt/Tt,Tt,NA,0.0065,NA,0.017300000000000003,27.310924369747898,FC10,Tt,Tt/Tt,Tt/Tt,6075 A,0,32.76763762751989,54.538195952569254,0.14616718613580382,1.5329586253060024,3.489441370625422,3.9989012993597215,2.96869970499093,3.0375161538150044,Self,20.853382260441865,19.466590821271666,1.6832756145320429,2.6153165597518586,1.5329586253060024
6077,b,Sp,NA,0.023471324901410018,0.010104481482540173,NA,34.6,46.8,NA,5.802792235178877e-4,-8.904566495800958e-4,NA,1.1,0.9,1,Y,Low,N,Sp/Sp,Sp,0.00817,0.00748,NA,0.025800000000000003,NA,FC03,Sp,Sp/Sp,Sp/Sp,6077 B,0,234.71324901410017,101.04481482540173,5.802792235178877,-8.904566495800958,5.458364552112006,4.615564129573172,3.223792353721174,2.343329369870514,Self,10.415857139334905,25.12321587031474,9.342484267367787,9.701056137167205,-8.904566495800958
6078,a,Tt,NA,0.007300943336191468,0.00793862479905938,NA,48.3,45.8,NA,8.395633882973819e-5,-0.0018320423635135863,NA,1.2,0.6,1,Y,Low,N,Tt/Sp,Tt,NA,0.01268,NA,0.021589999999999998,37.000291800408526,FC04,Tt,Tt/Sp,Tt/Sp,6078 A,0,73.00943336191467,79.3862479905938,0.8395633882973819,-18.320423635135864,4.290588656935489,4.3743251541414825,3.003699799524054,0,Other,1,20.159987023433246,3.621502001814343,79.3862479905938,-18.320423635135864
6080,a,Tt,NA,0.005036008229930999,0.006322416137499953,NA,38.8,47.3,NA,-2.9193854839937305e-4,-0.0012371624974163442,NA,0.9,0.6,1,Y,Low,N,Tt/Tt,Tt,NA,0.01527,NA,0.034100000000000005,30.929714401458376,FC06,Tt,Tt/Tt,Tt/Tt,6080 A,0,50.360082299309994,63.22416137499953,-2.9193854839937305,-12.371624974163442,3.919198843394628,4.1466865283320296,2.7973446347255826,1.9385687900992914,Self,6.948798660972422,16.40103815114213,3.070542354405964,9.098574366544085,-12.371624974163442
6085,b,Sp,NA,0.008158513052264782,0.004167389095047991,NA,45.7,44.4,NA,3.3576783213629113e-4,-0.0015948194794525028,NA,NA,1.2,1,Y,Low,N,Tt/Sp,Sp,0.0033,0.0015,NA,0.02194,6.399317406143344,FC06,Sp,Tt/Sp,Tt/Sp,6085 B,0,81.58513052264782,41.67389095047991,3.3576783213629113,-15.948194794525028,4.4016470213780945,3.729874816416647,3.1213997873724537,1.2155739027867203,Other,3.372228840610836,22.678101956498775,3.597529047146218,12.357966472681973,-15.948194794525028
6087,b,Tt,NA,0.0020892383716284435,0.0026940002355033688,NA,38.5,45.4,NA,-2.2989744924395428e-4,-6.933828222026595e-4,NA,2,2.7,1,Y,High,N,Tt/Tt,Tt,0.0075,0.0235,NA,0.0538,30.40103492884864,FC09,Tt,Tt/Tt,Tt/Tt,6087 B,0,20.892383716284435,26.940002355033688,-2.2989744924395428,-6.9338282220265945,3.0393846770665225,3.2936122583999454,2.834474263039897,2.5166148728209343,Self,12.38659541310927,17.02144914269632,1.2274151008610852,2.174931969322411,-6.9338282220265945
6088,a,Tt,NA,0.004519236658719228,0.0054758095693441255,NA,42.7,45.7,NA,1.5329586253060024e-4,-5.875471996402148e-4,NA,0.9,0.7,1,Y,Low,N,Tt/Tt,Tt,NA,0.01057,NA,0.01399,43.037459283387626,FC01,None,Tt/Tt,None/None,6088 A,0,45.19236658719228,54.758095693441255,1.5329586253060024,-5.8754719964021485,3.810928191761885,4.002925224312302,3.0375161538150044,2.5986036927440144,Self,13.444951638733716,20.853382260441865,2.1671480445126936,4.0727625628409125,-5.8754719964021485
6090,a,Tt,0.017052173391278735,0.010445292932755423,0.033494086828425695,35.1,27.5,47,0.003977768537451187,-7.444759618465691e-4,-0.0011641715920852058,2.6,1.6,1.8,1,Y,High,N,Tt/None,Tt,NA,0.03334,NA,0.04592,42.064092858945244,FC12,Tt,Tt/None,Tt/None,6090 A,0,104.45292932755423,334.94086828425696,-7.444759618465691,-11.641715920852057,4.648736532870723,5.813954003660579,2.474491265550675,2.038451266631911,None,7.6787077142838065,11.875664016670173,8.795544331746923,43.619431907950535,-11.641715920852057
6093,b,Tt,0.039526546279702535,0.01876695981122012,0.017447898612021007,25.1,37,45.8,0.013347945212868972,0.003229683909854675,-2.7369115827413637e-4,1.3,2,2.7,1,Y,High,N,Tt/Tt,Tt,NA,0.05466,NA,0.05412,50.24820739106454,FC15,None,Tt/Tt,Tt/None,6093 B,0,187.6695981122012,174.47898612021007,32.29683909854675,-2.7369115827413637,5.234682959840885,5.161804311011119,3.9438561656408204,2.8084089519072344,Self,16.5835120523945,51.61726273368261,3.6357913646152773,10.521232509070174,-2.7369115827413637
6094,a,Tt,NA,0.010731132983286873,0.018349260904860998,NA,41.2,44.8,NA,2.9214541416577866e-5,-0.0014342384760079874,NA,NA,2,1,Y,High,N,Tt/Tt,Tt,NA,0.02518,NA,0.05662,30.782396088019564,FC12,Sp,Tt/Tt,Sp/None,6094 A,0,107.31132983286872,183.49260904860998,0.29214541416577866,-14.342384760079874,4.675734234303484,5.212174389019207,2.976170638731176,1.605036013287344,Self,4.97803887505599,19.61256904930164,5.4715590580260995,36.86042107225331,-14.342384760079874
6097,a,Tt,0.005398844617262588,0.03361496300521116,0.03364792918395754,15.4,33.1,37.8,9.707650762094122e-4,0.0014159882017047432,-1.8245430790692074e-4,1,2.2,1.5,1,Y,High,N,Tt/Tt,Tt,8.1e-4,0.02779,NA,0.03915,41.514789363609204,FC05,Tt,Tt/Tt,Tt/Sp,6097 A,0,336.1496300521116,336.47929183957535,14.159882017047432,-1.8245430790692074,5.817556388370372,5.818536607338454,3.510957374975758,2.861965456423103,Self,17.495880556066655,33.4803056521833,10.040219869683025,19.23191523634985,-1.8245430790692074
6099,b,Tt,0.02849394968384411,0.02185562379867756,0.02239419669859566,28.1,40.9,41.2,0.0035946046438556922,0.0029778870447290107,-4.63464342289277e-4,2,1.8,1.6,1,Y,High,N,Tt/Tt,Tt,NA,0.0144,NA,0.04307999999999999,25.05219206680585,FC16,None,Tt/Tt,None/None,6099 B,0,218.55623798677559,223.94196698595658,29.778870447290107,-4.63464342289277,5.387043363509063,5.411386942333516,3.893844657557122,2.686879693116197,Self,14.685780212243094,49.09929408242597,4.451311206631035,15.248898168805692,-4.63464342289277
