Plant,Side,hyphae.APE13C,mycorrhizas.APE13C,uncolonized_roots.APE13C,mycofungus,hyphae.APE15N,mycorrhizas.APE15N,uncolonized_roots.APE15N,tissue,enriched,received15N,N_level,Failed_split,Actual_fungi_at_harvest,Actual_fungus_by_compartment,pctC,pctN,CNratio
6001,a,NA,0.013556463073283842,0.0035846360617450834,SUIPU,NA,0.0011276884351851257,-3.831755992851349e-4,uncolonized_roots,1,Y,Low,N,SUIPU/NM,SUIPU,41.2,0.9,44.6
6001,b,NA,NA,0.004805110961160208,NM,NA,NA,-7.809710936755865e-4,uncolonized_roots,1,N,Low,N,SUIPU/NM,NM,48.2,0.8,58.5
6002,a,0.015985898007320865,0.029340162283762128,0.00781768584307807,SUIPU,8.174906204589383e-4,0.0010984934290833026,-8.649099983463748e-4,mycorrhizas,1,N,High,N,MIXED/SUIPU,SUIPU,19.6,1.8,10.6
6002,b,NA,NA,0.01883291194760317,NM,NA,NA,-0.0015692724670076652,uncolonized_roots,1,Y,High,N,MIXED/SUIPU,MIXED,39.2,1.5,27
6002,b,NA,0.02015193620421818,NA,SUIPU,NA,0.0010656490267668128,NA,mycorrhizas,1,Y,High,N,MIXED/SUIPU,MIXED,41.6,2.8,14.9
6002,b,NA,0.06406634231789377,NA,THETE,NA,-1.822839833354184e-5,NA,mycorrhizas,1,Y,High,N,MIXED/SUIPU,MIXED,32.4,2.2,14.7
6004,b,NA,6.598129408619258e-5,8.79692459621717e-4,SUIPU,NA,5.474344795290964e-4,-2.773406357645114e-4,mycorrhizas,0,NA,NA,NA,SUIPU,SUIPU,40.2,1,40.6
6006,a,NA,0.04377849347977203,0.025570558363084084,THETE,NA,0.006601449726569841,0.0010911946748844437,uncolonized_roots,1,Y,High,N,THETE/THETE,THETE,43.6,1.8,24
6006,b,0.006839168868316259,0.015821008008825466,0.02242717035905417,THETE,0.0021823465571397804,6.75163917840893e-4,-4.92660280919266e-4,mycorrhizas,1,N,High,N,THETE/THETE,THETE,40.4,2.4,17
6007,a,NA,NA,0.005486804552721658,NM,NA,NA,-9.34250939317427e-4,uncolonized_roots,1,Y,Low,N,SUIPU/NM,NM,46.7,0.7,67.2
6007,b,0.007322932489023826,0.014677755565315698,0.004728144965359338,SUIPU,9.634663032961899e-4,-2.992375063211039e-4,-0.0015948194794525028,mycorrhizas,1,N,Low,N,SUIPU/NM,SUIPU,26.1,1.5,17.7
6008,a,NA,0.010588213164530735,0.004882076837188887,SUIPU,NA,0.001007258924734633,-1.4231014668225628e-4,uncolonized_roots,1,N,Low,N,SUIPU/SUIPU,SUIPU,44.7,1.1,40.5
6008,b,NA,0.004563217428184441,0.003573640655495147,SUIPU,NA,1.5329586253060024e-4,-3.3208283020252916e-4,uncolonized_roots,1,Y,Low,N,SUIPU/SUIPU,SUIPU,37.9,0.7,53.9
6010,a,0.007201992027461301,0.030900672216962022,0.024845178866740314,THETE,0.001339351717721815,0.0035654110835123265,2.335836115021639e-4,hyphae,1,Y,High,N,THETE/NM,THETE,12,1.1,10.7
6010,b,NA,NA,0.0520725834754332,NM,NA,NA,-6.276917196605947e-4,uncolonized_roots,1,N,High,N,THETE/NM,NM,48.1,1.6,29.2
6011,a,0.00644335874994062,0.012973820662606883,0.008279451174811436,THETE,3.722621458513986e-4,-3.831755992851349e-4,-4.999592682504717e-4,hyphae,1,N,Low,N,THETE/SUIPU,THETE,32.3,1,32.5
6011,b,NA,0.02042672849601357,0.011808515247866636,SUIPU,NA,2.919746203876028e-4,-7.225788955825818e-4,uncolonized_roots,1,Y,Low,N,THETE/SUIPU,SUIPU,46.9,0.6,84
6012,a,0.014040160991854789,0.030614948729296376,0.02430663266099531,THETE,0.008170483708488274,0.006692673985692843,-2.3719639807545656e-4,uncolonized_roots,1,Y,High,N,THETE/SUIPU,THETE,45.3,1.2,38.8
6012,b,NA,0.015853986052507762,0.06127684493631902,SUIPU,NA,4.5619896593568354e-4,5.510838965971931e-4,uncolonized_roots,1,N,High,N,THETE/SUIPU,SUIPU,17.2,1.5,11.2
6013,a,NA,0.025043010693769352,0.00953279248556993,SUIPU,NA,5.145897138847388e-4,-1.5690801974821422e-4,mycorrhizas,1,N,Low,N,SUIPU/NM,SUIPU,37.4,1.2,32.1
6014,a,NA,NA,0.025570558363084084,NM,NA,NA,-0.0015583237513989157,uncolonized_roots,1,Y,High,N,NM/NM,NM,42.8,2.2,19.2
6014,b,NA,NA,0.01196242508398404,NM,NA,NA,-0.0012773075409343582,uncolonized_roots,1,N,High,N,NM/NM,NM,43.3,1.4,31.9
6015,a,NA,0.01511747117134421,0.01971226536119053,SUIPU,NA,-4.56165360305294e-4,-0.0014415376012988368,mycorrhizas,1,N,High,N,THETE/SUIPU,SUIPU,10.7,1.2,9.3
6015,b,0.02018491135985867,0.02596621542156563,0.01641460943040829,THETE,0.008316437845406421,0.012242443652185742,0.001587507524355547,hyphae,1,Y,High,N,THETE/SUIPU,THETE,15.6,1.3,12
6016,a,NA,0.006839168868316259,0.004816106093640249,THETE,NA,-1.0581548273219665e-4,-1.4231014668225628e-4,mycorrhizas,1,N,Low,N,THETE/NM,THETE,37.5,0.8,47.5
6016,b,NA,NA,0.007421883555783326,NM,NA,NA,-9.30601413702159e-4,uncolonized_roots,1,Y,Low,N,THETE/NM,NM,46.3,0.6,81.6
6018,b,0.018788943866454577,0.00967571535435674,NA,THETE,0.0020473223691871434,6.423192364122254e-4,NA,hyphae,1,Y,High,Y,THETE,THETE,20,1.3,15.8
6019,a,NA,0.0314281573949684,0.009356886849290369,SUIPU,NA,0.014271001976754571,-7.116303660598677e-4,uncolonized_roots,1,Y,Low,N,SUIPU/SUIPU,SUIPU,45.2,0.9,50.8
6019,b,NA,0.023801053334227884,0.007136024378321171,SUIPU,NA,9.125524060649148e-5,-2.6274272740728355e-4,uncolonized_roots,1,N,Low,N,SUIPU/SUIPU,SUIPU,42.8,0.8,56.1
6020,a,NA,0.0250540013276197,0.010720139165737885,SUIPU,NA,2.0438808139339182e-4,-4.744128172703421e-4,uncolonized_roots,1,N,Low,N,SUIPU/SUIPU,SUIPU,40.8,0.6,63.1
6020,b,NA,0.03720814712046905,0.010676163871104594,SUIPU,NA,0.0022991239380654727,-3.1018594520865195e-4,uncolonized_roots,1,Y,Low,N,SUIPU/SUIPU,SUIPU,42.7,0.5,90.1
6021,a,0.003089840360507967,0.005014018060299774,0.0025180702741527394,THETE,-3.5762920819359945e-4,-6.932084551769524e-5,-3.35732311970649e-4,uncolonized_roots,1,Y,Low,N,THETE/THETE,THETE,45.6,0.6,77.7
6021,b,0.0017923525687293385,0.004057436218082744,0.002408113730523853,THETE,-0.001134975259897697,-2.992375063211039e-4,-9.597976261104813e-4,hyphae,1,N,Low,N,THETE/THETE,THETE,21.5,0.7,30.7
6022,a,NA,0.018711999630377507,0.026317907926934447,THETE,NA,4.016290571162706e-5,-3.6305659057433992e-6,mycorrhizas,1,Y,High,N,THETE/THETE,THETE,26.5,1.4,18.9
6022,b,NA,0.022097432765042058,0.023185558481169988,THETE,NA,9.999601571684114e-4,-3.028869856829264e-4,uncolonized_roots,1,N,High,N,THETE/THETE,THETE,37.6,1.4,26.6
6023,a,0.02202049367673209,0.028526919277042095,0.026229985035095993,THETE,0.00749908917032216,0.009812443091747558,0.003120207168362532,mycorrhizas,1,Y,High,N,THETE/THETE,THETE,46.4,2.5,18.3
6023,b,NA,0.0525339357059178,0.02879067523123502,THETE,NA,0.0018356620947948543,-0.0011641715920852058,uncolonized_roots,1,N,High,N,THETE/THETE,THETE,46.8,2.9,16.2
6024,a,0.023119612149667512,0.03225234172026625,0.02675752004110965,THETE,0.0018539087055960413,0.0012152733508291602,-7.152798756333567e-4,mycorrhizas,1,N,High,N,THETE/THETE,THETE,47.7,2.4,19.7
6024,b,0.12167707452960985,0.03097759748923634,0.022097432765042058,THETE,0.015788718203993857,0.005280503730484332,7.31780560786488e-6,uncolonized_roots,1,Y,High,N,THETE/THETE,THETE,48.6,1.7,27.8
6025,a,0.01962433072348735,0.018668031441723798,0.03831791573269672,THETE,0.0026421559113664617,0.003809906623017445,0.0024742894961665707,hyphae,1,Y,High,N,THETE/SUIPU,THETE,10.5,0.8,13.5
6025,b,NA,0.03180178932473887,0.03981221827374681,SUIPU,NA,4.270035662953253e-4,-0.001003591976806606,uncolonized_roots,1,N,High,N,THETE/SUIPU,SUIPU,44.1,1.2,37.3
6026,a,NA,0.018063464883455005,0.014578819015147904,THETE,NA,0.004437561319404981,-1.0946494792402062e-4,uncolonized_roots,1,Y,High,N,THETE/THETE,THETE,46.4,1.9,24.6
6026,b,NA,0.021679761989539026,0.01971226536119053,THETE,NA,0.002456043112603057,-7.736720651709827e-4,mycorrhizas,1,N,High,N,THETE/THETE,THETE,41.7,2.4,17.2
6027,a,0.011544668700143701,0.014875628071857827,0.012215275917769608,THETE,0.005094400788785425,0.003434039850243764,5.729803933919309e-4,hyphae,1,Y,High,Y,THETE,THETE,18.4,1.3,14.6
6028,a,NA,NA,0.0069930941699971605,NM,NA,NA,-0.0011240266397388732,uncolonized_roots,1,N,High,N,MIXED/THETE,MIXED,45.2,1.3,34.1
6028,a,NA,0.013743346920825461,NA,SUIPU,NA,-8.39363360213452e-4,NA,mycorrhizas,1,N,High,N,MIXED/THETE,MIXED,31.3,1.6,19
6028,a,NA,0.023405378951008915,NA,THETE,NA,-8.02692338748856e-5,NA,mycorrhizas,1,N,High,N,MIXED/THETE,MIXED,31.7,1.7,18.6
6028,b,NA,0.011049952629107906,0.0060915248743094175,THETE,NA,7.116579829188896e-4,-8.466623983431898e-4,uncolonized_roots,1,Y,High,N,MIXED/THETE,THETE,45.1,1.6,28.9
6029,a,NA,0.0042553512206249255,0.008532320839050866,THETE,NA,-0.0017152555717276918,-7.517749860734835e-4,uncolonized_roots,1,N,Low,N,THETE/THETE,THETE,44.8,1,45.9
6029,b,NA,0.008884137351575339,0.010401317393731846,THETE,NA,1.8249142258303097e-4,-4.707633253426269e-4,uncolonized_roots,1,Y,Low,N,THETE/THETE,THETE,46.4,0.8,55.2
6030,a,NA,0.017304998203153454,0.009554780646113148,THETE,NA,-3.5033024171648997e-4,-8.50311917809099e-4,uncolonized_roots,1,N,Low,N,THETE/THETE,THETE,46.9,0.4,109.3
6030,b,NA,NA,0.013094747010451213,THETE,NA,NA,-0.001175120221067083,uncolonized_roots,1,Y,Low,N,THETE/THETE,THETE,44.8,0.6,69.4
6031,a,NA,0.006597285283492793,0.005948591647396917,THETE,NA,-6.49588744216334e-4,-7.992186696161863e-4,uncolonized_roots,1,Y,Low,N,THETE/NM,THETE,45,0.6,75.7
6031,b,NA,NA,0.009455833846683026,NM,NA,NA,-1.2771227789387662e-4,uncolonized_roots,1,N,Low,N,THETE/NM,NM,42.9,0.8,53.1
6032,a,0.0012645511855917668,0.003936487771094566,0.007531828953323494,THETE,-0.002266345647666146,-4.92660280919266e-4,-0.0012663588894937794,hyphae,1,N,Low,N,THETE/THETE,THETE,39.4,1.7,23
6032,b,0.004508241460242202,0.005574764331746751,0.007850669224038764,THETE,-6.860838065314567e-4,-7.444759618465691e-4,-8.57610957542998e-4,hyphae,1,Y,Low,N,THETE/THETE,THETE,15.1,0.7,21.6
6033,a,0.004310327469668529,0.010269390542044343,NA,SUIPU,1.9343975319130458e-4,8.320882079917435e-4,NA,mycorrhizas,1,N,Low,N,SUIPU/SUIPU,SUIPU,30.7,1.4,21.4
6033,b,0.018448189912061874,0.02005301060536402,0.006311421339885381,SUIPU,0.0047805785672452306,0.0015035726104622449,-9.34250939317427e-4,mycorrhizas,1,Y,Low,N,MIXED/SUIPU,SUIPU,32.2,1.8,17.9
6034,a,NA,0.01450186822817523,0.02051466170688876,THETE,NA,4.963426125029202e-4,-3.7952611404140635e-4,mycorrhizas,1,Y,High,N,MIXED/THETE,THETE,35.7,3.6,9.9
6034,b,NA,0.0015174567178264375,NA,SUIPU,NA,0.0017663249127961578,NA,mycorrhizas,1,N,High,N,MIXED/THETE,MIXED,21.5,0.8,25.4
6034,b,NA,0.005915606997909162,NA,THETE,NA,0.002521730062153449,NA,mycorrhizas,1,N,High,N,MIXED/THETE,MIXED,27.6,1.5,19
6035,a,NA,0.0064653482840644205,0.006344405725396074,THETE,NA,-6.202192128318407e-5,-9.486708876055294e-5,uncolonized_roots,1,N,Low,N,THETE/THETE,THETE,43.6,0.8,55.2
6035,b,0.00681717950039773,0.005574764331746751,0.00857629803998261,THETE,0.008163185990416322,-9.121762463820682e-5,-3.028869856829264e-4,mycorrhizas,1,Y,Low,N,THETE/THETE,THETE,47.1,1.3,36.6
6036,a,NA,0.013061767126727464,0.005904612109858043,SUIPU,NA,-1.4231014668225628e-4,-0.0010181901022610629,uncolonized_roots,1,N,Low,N,SUIPU/SUIPU,SUIPU,50.3,0.6,87
6036,b,NA,0.004387294115665963,0.005233919316637747,SUIPU,NA,5.1111267600434385e-5,-1.9340272112816637e-4,uncolonized_roots,1,Y,Low,N,SUIPU/SUIPU,SUIPU,42.7,0.6,72.6
6038,a,0.02097630849866916,0.06400045049432634,NA,THETE,3.613138545441319e-4,-4.6711383368225334e-4,NA,mycorrhizas,1,N,High,N,THETE/THETE,THETE,44.9,2.4,18.9
6038,b,NA,0.04125154051905788,0.01773369819095838,THETE,NA,0.004200367160267726,-1.3866067908407942e-4,uncolonized_roots,1,Y,High,N,THETE/THETE,THETE,48.1,1.8,26.6
6039,a,NA,0.0032547728109193486,0.0035516498356618076,THETE,NA,-4.707633253426269e-4,-5.765986997945394e-4,uncolonized_roots,1,N,Low,N,THETE/NM,THETE,46.5,0.5,99.4
6039,b,NA,NA,0.0038375297308359535,NM,NA,NA,-1.861037787133646e-4,uncolonized_roots,1,Y,Low,N,THETE/NM,NM,56.5,0.8,74.7
6040,a,NA,0.014820663566123882,0.008235473709920615,THETE,NA,5.729803933919309e-4,-3.5397972482137385e-4,mycorrhizas,1,N,High,N,THETE/NM,THETE,39.4,3.6,10.9
6040,b,NA,NA,0.007542823479634642,NM,NA,NA,-9.30601413702159e-4,uncolonized_roots,1,Y,High,N,THETE/NM,NM,44.3,1.5,29.4
6041,a,NA,0.021086223766257683,0.010445292932755423,SUIPU,NA,1.6059475414781366e-4,-8.39363360213452e-4,mycorrhizas,1,N,High,N,THETE/SUIPU,SUIPU,14.9,1.2,12.4
6041,b,NA,0.12292754376658754,0.014007181738600716,THETE,NA,0.044999390699924036,0.0029632900859812294,uncolonized_roots,1,Y,High,N,THETE/SUIPU,THETE,36.9,1.2,31.1
6043,a,NA,0.038889272037155864,0.013523483497465794,SUIPU,NA,6.569168752761922e-4,-0.0014378880385196857,uncolonized_roots,1,N,High,N,SUIPU/SUIPU,SUIPU,39.6,0.9,42.4
6043,b,NA,0.06071673002756617,0.012611039844925731,SUIPU,NA,-2.0800060916620344e-4,-7.371769386890215e-4,mycorrhizas,1,Y,High,N,SUIPU/SUIPU,SUIPU,28.1,1.9,14.6
6044,a,NA,0.008356411644273587,0.0037055853691632112,THETE,NA,-2.9176775461658977e-5,-5.765986997945394e-4,uncolonized_roots,1,N,Low,N,THETE/THETE,THETE,43.7,0.6,78.6
6044,b,NA,0.007894647031101654,0.00875220645266328,THETE,NA,-1.861037787133646e-4,-1.2771227789387662e-4,mycorrhizas,1,Y,Low,N,THETE/THETE,THETE,47.6,1,48.2
6045,a,NA,0.0031887998967550235,0.0050470033110803225,THETE,NA,5.1111267600434385e-5,-5.474027119702352e-4,mycorrhizas,1,N,Low,N,THETE/THETE,THETE,44.1,0.9,51.1
6045,b,NA,0.00647634304745992,0.004882076837188887,THETE,NA,-2.3719639807545656e-4,-0.001321102170759536,uncolonized_roots,1,Y,Low,N,THETE/THETE,THETE,46.4,0.6,83.4
6048,a,NA,NA,0.008609280915019113,NM,NA,NA,-6.824342990967569e-4,uncolonized_roots,1,N,High,N,THETE/NM,NM,42.8,1.5,27.8
6048,b,NA,0.031658930390853435,0.010016529759296011,THETE,NA,0.0048754552613339275,-1.4231014668225628e-4,mycorrhizas,1,Y,High,N,THETE/NM,THETE,40.4,2.7,15.1
6049,a,0.014282008177049388,0.05637837019392866,0.02185562379867756,THETE,0.0018320127718325363,0.004565280783437431,2.9214541416577866e-5,mycorrhizas,1,Y,High,N,THETE/NM,THETE,37.1,2.8,13.3
6049,b,NA,NA,0.013699374314350976,NM,NA,NA,-0.001321102170759536,uncolonized_roots,1,N,High,N,THETE/NM,NM,45.8,1.6,27.9
6050,a,NA,0.022657985366622002,0.00862027520181008,SUIPU,NA,-1.2041334510382029e-4,-0.001456135855088636,mycorrhizas,1,N,High,N,SUIPU/SUIPU,SUIPU,14.9,1.2,12.3
6050,b,NA,0.02149290813204563,0.009884601881156252,SUIPU,NA,2.0438808139339182e-4,-9.926433855231842e-4,mycorrhizas,1,Y,High,N,SUIPU/SUIPU,SUIPU,22.5,1.8,12.8
6051,a,NA,NA,0.007575807043903815,NM,NA,NA,-4.853612946576491e-4,uncolonized_roots,1,Y,High,N,THETE/NM,NM,43.8,1.2,36.3
6051,b,NA,0.02173471887207934,0.005860632533211341,THETE,NA,0.00168603963412145,-1.642069578853267e-4,uncolonized_roots,1,N,High,N,THETE/NM,THETE,44.7,1.6,27.9
6052,a,NA,0.008950102669053717,0.011599636847000827,THETE,NA,9.233230331580633e-4,-0.0010729331108141893,mycorrhizas,1,Y,High,N,MIXED/THETE,THETE,32.1,1.4,23.5
6052,b,NA,NA,0.0226030295101598,NM,NA,NA,-8.904566495800958e-4,uncolonized_roots,1,N,High,N,MIXED/THETE,MIXED,42.6,1.6,26.5
6052,b,NA,0.11250599950724904,NA,SUIPU,NA,8.030688754029347e-5,NA,mycorrhizas,1,N,High,N,MIXED/THETE,MIXED,18.9,1.8,10.4
6052,b,NA,0.12205002480748939,NA,THETE,NA,2.773768745827909e-4,NA,mycorrhizas,1,N,High,N,MIXED/THETE,MIXED,35.5,2.4,14.8
6053,a,NA,0.0031887998967550235,0.003452691025413346,THETE,NA,-2.8463959154723106e-4,-6.641867659340495e-4,uncolonized_roots,1,Y,Low,N,THETE/SUIPU,THETE,43.7,0.5,84.1
6053,b,NA,0.011511687782703506,0.007641774106450949,SUIPU,NA,5.218885525661299e-4,-4.963097744511424e-4,mycorrhizas,1,N,Low,N,THETE/SUIPU,SUIPU,37.2,0.9,40.7
6054,a,NA,0.0038375297308359535,0.0035846360617450834,THETE,NA,-2.5527316151574553e-5,-9.85165531504073e-5,uncolonized_roots,1,N,Low,N,THETE/NM,THETE,44.9,0.7,66.8
6054,b,NA,NA,0.004024450307327898,NM,NA,NA,-4.56165360305294e-4,uncolonized_roots,1,Y,Low,N,THETE/NM,NM,43.8,0.8,57.9
6055,a,0.001605423556345853,0.0054758095693441255,0.009290922074382202,THETE,-3.1748490580379984e-4,-7.116303660598677e-4,-0.001390443746722314,uncolonized_roots,1,Y,High,N,THETE/THETE,THETE,47,2.3,20.4
6055,b,0.0012205674827603374,0.008598286625784546,0.008664252324532384,THETE,9.634663032961899e-4,-1.7880483736792963e-4,-8.831576050337131e-4,mycorrhizas,1,N,High,N,THETE/THETE,THETE,39.3,3,13
6056,a,NA,NA,0.005431829611391992,NM,NA,NA,-2.0435113675570937e-4,uncolonized_roots,1,N,Low,N,MIXED/SUIPU,MIXED,48.1,0.7,67.4
6056,a,NA,0.022526091208506127,NA,SUIPU,NA,2.8467574801988027e-4,NA,mycorrhizas,1,N,Low,N,MIXED/SUIPU,MIXED,26.8,0.8,33.5
6056,b,NA,0.004475255850144633,0.004134403257624486,SUIPU,NA,0.0011276884351851257,-5.10907751252343e-4,uncolonized_roots,1,Y,Low,N,MIXED/SUIPU,SUIPU,46.9,0.7,66.7
6057,a,NA,NA,0.005761678342767418,NM,NA,NA,-4.598148511635869e-4,uncolonized_roots,1,Y,Low,N,MIXED/SUIPU,MIXED,48.6,0.5,91.2
6057,a,NA,0.015128464011401555,NA,SUIPU,NA,3.2846896618499155e-4,NA,mycorrhizas,1,Y,Low,N,MIXED/SUIPU,MIXED,38.3,1.2,33.1
6057,a,NA,0.00975267365108734,NA,THETE,NA,3.9415872124748397e-4,NA,mycorrhizas,1,Y,Low,N,MIXED/SUIPU,MIXED,42.6,1,44.3
6057,b,NA,0.006597285283492793,0.004123407973594562,THETE,NA,4.016290571162706e-5,-7.335274275114823e-4,uncolonized_roots,1,N,Low,N,THETE/NM,THETE,43.3,0.6,78.2
6058,a,NA,NA,0.003716580746080167,NM,NA,NA,-2.1877857108831833e-5,uncolonized_roots,1,Y,Low,N,NM/NM,NM,45.9,0.7,64.7
6058,b,NA,NA,0.005541779432944427,NM,NA,NA,-2.2624797522935447e-4,uncolonized_roots,1,N,Low,N,NM/NM,NM,44.3,0.7,66
6059,b,0.005926601883516014,0.017052173391278735,0.012248256365999355,THETE,0.002003530662064268,4.5619896593568354e-4,-5.911967001233642e-4,mycorrhizas,1,N,High,Y,THETE,THETE,40,3.5,11.6
6061,a,NA,NA,0.007136024378321171,NM,NA,NA,-0.0012809570919493085,uncolonized_roots,1,Y,Low,N,THETE/NM,NM,53.5,0.9,59
6061,b,NA,0.007982602527911276,0.006498332566918119,THETE,NA,-6.860838065314567e-4,-7.225788955825818e-4,mycorrhizas,1,N,Low,N,THETE/THETE,THETE,55.5,1.1,48.4
6062,a,0.007641774106450949,0.0548845683090724,0.005068993466045946,SUIPU,0.002083815429048841,5.218885525661299e-4,-6.787847919293988e-4,mycorrhizas,1,N,Low,N,SUIPU/NM,SUIPU,40.4,2.1,19.5
6062,b,NA,NA,0.005376854608955428,NM,NA,NA,-8.50311917809099e-4,uncolonized_roots,1,Y,Low,N,SUIPU/NM,NM,49,0.8,63.6
6063,a,NA,0.0728840722502695,0.006982099521478657,SUIPU,NA,6.569168752761922e-4,-0.001076582646856672,mycorrhizas,1,Y,High,N,SUIPU/NM,SUIPU,34.7,1.7,19.9
6063,b,NA,0.06622974173825558,0.009455833846683026,NM,NA,5.401356445906558e-4,-5.583512053991546e-4,uncolonized_roots,1,N,High,N,SUIPU/NM,NM,46.3,1.3,34.4
6064,a,NA,0.011643611320497849,0.006795190122702577,SUIPU,NA,-3.28433348701862e-4,-0.001175120221067083,mycorrhizas,1,Y,High,N,THETE/SUIPU,SUIPU,36.8,1.8,20.7
6064,b,NA,0.06056297188351012,0.01299580729329941,THETE,NA,0.0017517275990251435,-6.240422165038062e-4,uncolonized_roots,1,N,High,N,THETE/SUIPU,THETE,45.2,1.4,32.1
6065,a,0.005959586525670968,0.021646787830698067,0.0272850494191359,THETE,0.0013028581124819305,1.0967262244421239e-5,-0.0010619845042910137,hyphae,1,N,High,N,THETE/THETE,THETE,42.5,1.9,22.6
6065,b,NA,0.01165460493276238,0.027109206918453532,THETE,NA,1.313991812624815e-4,-0.0010254891665923416,mycorrhizas,1,Y,High,N,THETE/THETE,THETE,35,1.8,18.9
6066,a,0.03315343419488004,0.03793334527160663,0.018360253026545426,THETE,1.27749733448701e-4,-2.3719639807545656e-4,-0.0011459238824627627,uncolonized_roots,1,N,High,N,THETE/THETE,THETE,42.8,1.6,27.2
6066,b,0.0250540013276197,0.046008696835931895,0.018711999630377507,THETE,0.001996232040467727,0.002003530662064268,-6.167432109921434e-4,uncolonized_roots,1,Y,High,N,THETE/THETE,THETE,41.6,1.3,33
6067,a,NA,0.0028259472958422904,NA,THETE,NA,-3.2113438650249737e-4,NA,mycorrhizas,1,N,Low,N,MIXED/THETE,THETE,43.8,1,44.3
6067,b,NA,NA,0.0026170309544140125,NM,NA,NA,-0.00134664905593751,uncolonized_roots,1,Y,Low,N,MIXED/THETE,MIXED,47.8,0.8,62.9
6067,b,NA,0.00696011021710885,NA,SUIPU,NA,-1.605574886830441e-4,NA,mycorrhizas,1,Y,Low,N,MIXED/THETE,MIXED,31.8,0.8,37.8
6067,b,NA,0.004431275002460433,NA,THETE,NA,3.6683487040778395e-6,NA,mycorrhizas,1,Y,Low,N,MIXED/THETE,MIXED,46.2,0.9,49.4
6068,a,NA,NA,0.0034087092684145226,NM,NA,NA,-0.0012006670313824408,uncolonized_roots,1,N,High,N,THETE/NM,NM,41.5,1.7,24.8
6068,b,0.001990276635336574,0.008125529876608306,0.0021222255730573014,THETE,0.0014086894940240624,0.004211314607858063,-0.0010510359001740799,hyphae,1,Y,High,N,THETE/NM,THETE,17.3,2.1,8.1
6069,a,0.0027599738096735216,0.005816652917456588,0.006069535173978791,THETE,2.5912968631119915e-4,6.824627329953259e-4,3.978081495444874e-4,mycorrhizas,1,Y,Low,N,THETE/NM,THETE,40.5,0.9,43.2
6069,b,NA,NA,0.008631269486156778,NM,NA,NA,-2.773406357645114e-4,uncolonized_roots,1,N,Low,N,THETE/NM,NM,39.6,0.6,63.4
6070,a,NA,0.03135123282365626,0.029406100319721462,THETE,NA,0.00275163370347431,-2.6274272740728355e-4,mycorrhizas,1,Y,High,N,THETE/THETE,THETE,40.5,2.6,15.6
6070,b,NA,0.03401055569950873,0.03392264648541077,THETE,NA,7.554508257223702e-4,-6.203927136143039e-4,uncolonized_roots,1,N,High,N,THETE/THETE,THETE,47.2,2.1,22.4
6071,a,0.003331741099555696,0.0032327818493091964,0.004475255850144633,THETE,-0.0010619845042910137,-6.641867659340495e-4,-1.0929481584875944e-5,mycorrhizas,1,Y,Low,N,THETE/SUIPU,THETE,42.2,0.9,45.1
6071,b,NA,0.022636003031366148,0.009840625843569928,SUIPU,NA,2.1915630549818044e-5,-3.6305659057433992e-6,mycorrhizas,1,N,Low,N,THETE/SUIPU,SUIPU,43,1.1,40.1
6072,a,0.0032987547048068944,0.006828174185578906,0.0025400615535444704,THETE,-1.71505897091917e-4,8.395633882973819e-5,-0.0010473863660031557,uncolonized_roots,1,N,Low,N,THETE/THETE,THETE,47.9,0.8,59.2
6073,a,NA,3.188929550022035e-4,-0.0013415507053822218,THETE,NA,0.0031931916894237244,-5.838976994242406e-4,uncolonized_roots,0,N,High,N,THETE/THETE,THETE,35.4,1.5,23.4
6073,b,3.2988908483622126e-4,-4.728348176867847e-4,-5.27816383617763e-4,THETE,0.0018794539494894624,-5.10907751252343e-4,-0.00134664905593751,mycorrhizas,0,N,High,N,THETE/THETE,THETE,37.4,1.9,19.3
6074,a,NA,NA,0.0069930941699971605,NM,NA,NA,5.401356445906558e-4,uncolonized_roots,1,N,Low,N,NM/NM,NM,48.9,0.8,64.8
6074,b,NA,NA,0.007289948756109332,NM,NA,NA,8.030688754029347e-5,uncolonized_roots,1,Y,Low,N,NM/NM,NM,69.6,1.2,59.7
6075,a,NA,0.0032767637627519886,0.005453819595256926,THETE,NA,1.4616718613580382e-5,1.5329586253060024e-4,mycorrhizas,1,Y,Low,N,THETE/THETE,THETE,43.9,0.7,59.7
6075,b,0.012347197578724156,0.005607749208550672,0.008345417298825542,THETE,1.569453084729333e-4,-5.1073536936452335e-5,0.001003609541085304,hyphae,1,N,Low,N,THETE/THETE,THETE,35.8,1.5,23.7
6076,a,NA,NA,0.0047721255490542624,NM,NA,NA,-4.123714908600973e-4,uncolonized_roots,1,Y,Low,N,THETE/NM,NM,45.1,0.8,58.5
6076,b,NA,NA,0.0037275761205528557,THETE,NA,NA,-2.408458728921925e-4,uncolonized_roots,1,N,Low,N,THETE/NM,THETE,48.9,0.7,65.5
6077,a,NA,0.013831292016478036,0.004288336977384288,SUIPU,NA,4.2335414013722206e-4,-6.49588744216334e-4,mycorrhizas,1,N,Low,N,SUIPU/SUIPU,SUIPU,35.2,1,33.9
6077,b,NA,0.023471324901410018,0.010104481482540173,SUIPU,NA,5.802792235178877e-4,-8.904566495800958e-4,mycorrhizas,1,Y,Low,N,SUIPU/SUIPU,SUIPU,34.6,1.1,30.6
6078,a,NA,0.007300943336191468,0.00793862479905938,THETE,NA,8.395633882973819e-5,-0.0018320423635135863,mycorrhizas,1,Y,Low,N,THETE/SUIPU,THETE,48.3,1.2,39.8
6078,b,NA,0.015821008008825466,0.009730685578526854,SUIPU,NA,6.934109537218291e-4,-5.401037176877566e-4,uncolonized_roots,1,N,Low,N,THETE/SUIPU,SUIPU,46.9,0.9,51.7
6079,a,NA,0.0014624773643032718,0.0040684315167789364,SUIPU,NA,8.722315516507817e-4,-8.138167351812164e-4,uncolonized_roots,1,N,Low,N,SUIPU/NM,SUIPU,46.6,0.7,62.8
6079,b,NA,NA,0.00350766816666237,NM,NA,NA,-8.756816078292484e-5,uncolonized_roots,1,Y,Low,N,SUIPU/NM,NM,46.7,0.8,55.9
6080,a,NA,0.005036008229930999,0.006322416137499953,THETE,NA,-2.9193854839937305e-4,-0.0012371624974163442,mycorrhizas,1,Y,Low,N,THETE/THETE,THETE,38.8,0.9,43.1
6080,b,NA,0.004915062175964824,0.006102519720808219,THETE,NA,8.395633882973819e-5,1.4599696984396449e-4,uncolonized_roots,1,N,Low,N,THETE/THETE,THETE,44.8,0.6,76.4
6082,a,0.010060505640469675,NA,-2.199204016031242e-4,OTHER,0.0020911140378132576,NA,6.642156931041532e-4,hyphae,1,Y,High,N,FAILED,OTHER,14.9,1.4,11.1
6082,b,0.008565303743415686,0.03730703840379168,NA,OTHER,0.0016641436265715792,5.875780525745333e-4,NA,hyphae,1,N,High,N,FAILED,OTHER,22.3,1.5,14.7
6084,a,0.00876320070768144,NA,0.007718735568214674,SUIPU,0.003981417703222023,NA,-8.795080831615065e-4,uncolonized_roots,1,Y,Low,N,SUIPU/SUIPU,SUIPU,45,0.7,63.9
6084,b,NA,0.0051569539881355375,0.011500694138669054,SUIPU,NA,2.5912968631119915e-4,-5.875471996402148e-4,uncolonized_roots,1,N,Low,N,SUIPU/SUIPU,SUIPU,47.4,0.7,72.3
6085,a,0.0032327818493091964,0.004750135262095556,0.0042113701773915935,THETE,1.5329586253060024e-4,-3.6492817574007574e-4,-0.0013794950704167364,uncolonized_roots,1,N,Low,N,THETE/SUIPU,THETE,45.6,0.8,58.9
6085,b,NA,0.008158513052264782,0.004167389095047991,SUIPU,NA,3.3576783213629113e-4,-0.0015948194794525028,uncolonized_roots,1,Y,Low,N,THETE/SUIPU,SUIPU,44.4,1.2,36.8
6087,a,NA,0.0018693231331914362,0.010797095837256743,THETE,NA,2.1533640718940372e-4,-8.685595191491591e-4,uncolonized_roots,1,N,High,N,THETE/THETE,THETE,47.1,2.9,16.2
6087,b,NA,0.0020892383716284435,0.0026940002355033688,THETE,NA,-2.2989744924395428e-4,-6.933828222026595e-4,uncolonized_roots,1,Y,High,N,THETE/THETE,THETE,45.4,2.7,16.6
6088,a,NA,0.004519236658719228,0.0054758095693441255,THETE,NA,1.5329586253060024e-4,-5.875471996402148e-4,mycorrhizas,1,Y,Low,N,THETE/THETE,THETE,42.7,0.9,46.3
6088,b,NA,0.005398844617262588,0.0050470033110803225,THETE,NA,-7.043313477148594e-4,-8.430128791446778e-4,uncolonized_roots,1,N,Low,N,THETE/THETE,THETE,42.1,0.6,76.5
6090,a,0.017052173391278735,0.010445292932755423,0.033494086828425695,THETE,0.003977768537451187,-7.444759618465691e-4,-0.0011641715920852058,uncolonized_roots,1,Y,High,N,THETE/NM,THETE,47,1.8,26.5
6090,b,NA,NA,0.018876879989659034,NM,NA,NA,-0.001456135855088636,uncolonized_roots,1,N,High,N,THETE/NM,NM,45.8,3.4,13.6
6091,a,0.0015174567178264375,2.8590455083121746e-4,6.157876024526221e-4,THETE,2.0803752359283e-4,0.0011130909342729756,-6.021452031772512e-4,uncolonized_roots,0,N,High,N,THETE/NM,THETE,45.7,1.5,30.2
6091,b,NA,NA,1.7594304469237265e-4,NM,NA,NA,-0.0015327767576697737,uncolonized_roots,0,N,High,N,THETE/NM,NM,37,1.4,27.1
6092,a,NA,NA,0.005904612109858043,SUIPU,NA,NA,-3.5762920819359945e-4,uncolonized_roots,1,Y,Low,N,SUIPU/SUIPU,SUIPU,46,0.6,76.2
6092,b,NA,0.01889886399602725,0.005299889502883737,SUIPU,NA,2.95624056170396e-4,-3.3208283020252916e-4,mycorrhizas,1,N,Low,N,SUIPU/SUIPU,SUIPU,36,1.1,34.1
6093,a,NA,0.027504851665630214,0.024042852787608204,THETE,NA,2.226352897165551e-4,-0.001175120221067083,uncolonized_roots,1,N,High,N,THETE/THETE,THETE,43.3,1.8,23.6
6093,b,0.039526546279702535,0.01876695981122012,0.017447898612021007,THETE,0.013347945212868972,0.003229683909854675,-2.7369115827413637e-4,uncolonized_roots,1,Y,High,N,THETE/THETE,THETE,45.8,2.7,16.7
6094,a,NA,0.010731132983286873,0.018349260904860998,THETE,NA,2.9214541416577866e-5,-0.0014342384760079874,mycorrhizas,1,Y,High,N,THETE/THETE,THETE,41.2,2,20.2
6094,b,0.008037574633984246,0.013061767126727464,0.025812349163899073,THETE,-0.001178769764595744,-6.824342990967569e-4,-9.853443260043893e-4,hyphae,1,N,High,N,THETE/THETE,THETE,19.5,1.7,11.2
6096,a,NA,NA,0.003969473740514928,NM,NA,NA,8.395633882973819e-5,uncolonized_roots,1,Y,Low,N,THETE/NM,NM,34,0.7,46
6096,b,NA,0.006069535173978791,0.00458520779825089,THETE,NA,-2.9176775461658977e-5,-5.911967001233642e-4,uncolonized_roots,1,N,Low,N,THETE/NM,THETE,47.3,0.8,62.5
6097,a,0.005398844617262588,0.03361496300521116,0.03364792918395754,THETE,9.707650762094122e-4,0.0014159882017047432,-1.8245430790692074e-4,uncolonized_roots,1,Y,High,N,THETE/THETE,THETE,37.8,1.5,24.5
6097,b,NA,0.05436831745602655,0.013105740300138446,THETE,NA,2.445319308815863e-4,-7.116303660598677e-4,mycorrhizas,1,N,High,N,THETE/THETE,THETE,30.1,3.3,9
6098,a,NA,NA,0.008466354964331124,NM,NA,NA,5.985262941544667e-4,uncolonized_roots,1,Y,High,N,MIXED/THETE,MIXED,46.8,1.7,27.7
6098,b,NA,0.032582011603750294,0.005519789488187987,THETE,NA,0.004068997601523849,-6.313412230848914e-4,mycorrhizas,1,N,High,N,MIXED/THETE,THETE,49.4,3.5,13.9
6099,a,0.033636940460150866,0.02097630849866916,0.035461035166824084,THETE,0.0014378843183308065,-1.0929481584875944e-5,-8.795080831615065e-4,hyphae,1,N,High,N,THETE/THETE,THETE,20.4,1.5,13.6
6099,b,0.02849394968384411,0.02185562379867756,0.02239419669859566,THETE,0.0035946046438556922,0.0029778870447290107,-4.63464342289277e-4,mycorrhizas,1,Y,High,N,THETE/THETE,THETE,40.9,1.8,22.2
