Plant,Side,hyphae.APE13C,mycorrhizas.APE13C,uncolonized_roots.APE13C,mycofungus,hyphae.APE15N,mycorrhizas.APE15N,uncolonized_roots.APE15N,received15N,N_level,Failed_split,Fungi,compartment_fungus,pctC,pctN,CNratio,CforN,competition_treatment,mycoC13forN15,dead_tissue,mycorrhizas,other,roots,percent_col,competitors,enriched,Batch,versus,mycoC13ppmexcess,nmC13ppmexcess,mycoN15ppmexcess,nmN15ppmexcess,mycologC13,nmlogC13
6001,a,NA,0.013556463073283842,0.0035846360617450834,Sp,NA,0.0011276884351851257,-3.831755992851349e-4,Y,Low,N,Sp/None,Sp,41.2,0.9,44.6,-35.37924413395641,None,12.021461469593204,0.00312,0.00774,NA,0.02099,26.94048033414549,SUIPU/NM,1,FC04,None,135.56463073283842,35.846360617450834,11.276884351851258,-3.831755992851349,4.9094485061793,3.5792420449454574
6001,b,NA,NA,0.004805110961160208,None,NA,NA,-7.809710936755865e-4,N,Low,N,Sp/None,None,48.2,0.8,58.5,-6.152738558536508,None,NA,NA,0,NA,0.02171,0,SUIPU/NM,1,FC04,Sp,NA,48.05110961160209,NA,-7.809710936755865,NA,3.872265228002987
6002,a,0.015985898007320865,0.029340162283762128,0.00781768584307807,Sp,8.174906204589383e-4,0.0010984934290833026,-8.649099983463748e-4,N,High,N,MIXED/SUIPU,Sp,19.6,1.8,10.6,-33.9227923597342,Mixed,26.7094563398951,NA,0.0801,NA,0.02481,76.35115813554475,MIXED/SUIPU,1,FC07,Mixed,293.4016228376213,78.1768584307807,10.984934290833026,-8.64909998346375,5.6815423968374885,4.358973675760804
6002,b,NA,0.02015193620421818,0.01883291194760317,Sp,NA,0.0010656490267668128,0.01883291194760317,Y,High,N,MIXED/SUIPU,MIXED,41.6,2.8,14.9,1.070038253260292,Mixed,18.910481498171407,0.0097,0.0282,NA,0.060219999999999996,31.893236824247907,MIXED/SUIPU,1,FC07,Sp,201.5193620421818,188.3291194760317,10.65649026766813,188.3291194760317,5.305885466309797,5.238191067764471
6002,b,NA,0.06406634231789377,0.01883291194760317,Tt,NA,-1.822839833354184e-5,0.01883291194760317,Y,High,N,MIXED/SUIPU,MIXED,32.4,2.2,14.7,3.4018288035402495,Mixed,-3514.6446300773514,0.0097,0.0282,NA,0.060219999999999996,31.893236824247907,MIXED/SUIPU,1,FC07,Sp,640.6634231789377,188.3291194760317,-0.1822839833354184,188.3291194760317,6.462504238173357,5.238191067764471
6006,a,NA,0.04377849347977203,0.025570558363084084,Tt,NA,0.006601449726569841,0.0010911946748844437,Y,High,N,Tt/Tt,Tt,43.6,1.8,24,40.119782919952506,Self,6.631648394377705,NA,0.0131,NA,0.06016,17.881517881517883,THETE/THETE,1,FC15,Tt,437.78493479772027,255.70558363084083,66.01449726569841,10.911946748844436,6.081727773344836,5.544026718706519
6006,b,0.006839168868316259,0.015821008008825466,0.02242717035905417,Tt,0.0021823465571397804,6.75163917840893e-4,-4.92660280919266e-4,N,High,N,Tt/Tt,Tt,40.4,2.4,17,-32.113423025100964,Self,23.432839923406267,NA,0.00873,NA,0.0303,22.3674096848578,THETE/THETE,1,FC15,Tt,158.21008008825464,224.2717035905417,6.75163917840893,-4.9266028091926595,5.063923770675715,5.412858279268181
6007,a,NA,NA,0.005486804552721658,None,NA,NA,-9.34250939317427e-4,Y,Low,N,Sp/None,None,46.7,0.7,67.2,-5.872945181869843,None,NA,NA,0,NA,0.030969999999999998,0,SUIPU/NM,1,FC01,Sp,NA,54.86804552721658,NA,-9.34250939317427,NA,4.004931130374812
6007,b,0.007322932489023826,0.014677755565315698,0.004728144965359338,Sp,9.634663032961899e-4,-2.992375063211039e-4,-0.0015948194794525028,N,Low,N,Sp/None,Sp,26.1,1.5,17.7,-9.20339621783058,None,-49.05052092489163,6.9e-4,0.01336,NA,0.0356,27.287581699346404,SUIPU/NM,1,FC01,None,146.77755565315698,47.28144965359338,-2.992375063211039,-15.948194794525028,4.98891821384538,3.8561180336598118
6008,a,NA,0.010588213164530735,0.004882076837188887,Sp,NA,0.001007258924734633,-1.4231014668225628e-4,N,Low,N,Sp/Sp,Sp,44.7,1.1,40.5,-74.4023768605314,Self,10.511908015429347,NA,0,NA,0.0279,0,SUIPU/SUIPU,1,FC06,Sp,105.88213164530735,48.82076837188887,10.07258924734633,-1.4231014668225628,4.662326509809314,3.888155803716192
6008,b,NA,0.004563217428184441,0.003573640655495147,Sp,NA,1.5329586253060024e-4,-3.3208283020252916e-4,Y,Low,N,Sp/Sp,Sp,37.9,0.7,53.9,-13.74120253492614,Self,29.767388061589408,NA,4.8e-4,NA,0.03811,1.2438455558434829,SUIPU/SUIPU,1,FC06,Sp,45.63217428184441,35.73640655495147,1.5329586253060024,-3.3208283020252916,3.820613044074606,3.5761699606067596
6010,a,0.007201992027461301,0.030900672216962022,0.024845178866740314,Tt,0.001339351717721815,0.0035654110835123265,2.335836115021639e-4,Y,High,N,Tt/None,Tt,12,1.1,10.7,132.28955583930494,None,8.666790867358111,NA,0.01606,NA,0.09852999999999999,14.015184571079503,THETE/NM,1,FC16,None,309.0067221696202,248.45178866740315,35.65411083512326,2.335836115021639,5.733363031255358,5.51524881732772
6010,b,NA,NA,0.0520725834754332,None,NA,NA,-6.276917196605947e-4,N,High,N,Tt/None,None,48.1,1.6,29.2,-82.9588504108193,None,NA,NA,0,NA,0.1128,0,THETE/NM,1,FC16,Tt,NA,520.725834754332,NA,-6.276917196605947,NA,6.255223674367916
6011,a,0.00644335874994062,0.012973820662606883,0.008279451174811436,Tt,3.722621458513986e-4,-3.831755992851349e-4,-4.999592682504717e-4,N,Low,N,Tt/Sp,Tt,32.3,1,32.5,-25.94975528307879,Other,-33.85868172924182,NA,0.02296,NA,0.07805999999999999,22.72817263908137,THETE/SUIPU,1,FC13,Sp,129.73820662606883,82.79451174811436,-3.831755992851349,-4.9995926825047166,4.865518624859628,4.416361775959049
6011,b,NA,0.02042672849601357,0.011808515247866636,Sp,NA,2.919746203876028e-4,-7.225788955825818e-4,Y,Low,N,Tt/Sp,Sp,46.9,0.6,84,-28.26920163443806,Other,69.96063037566975,0.00677,0.00798,NA,0.07516,9.598267981717584,THETE/SUIPU,1,FC13,Tt,204.2672849601357,118.08515247866636,2.919746203876028,-7.225788955825818,5.319429356647306,4.771405995390222
6012,a,0.014040160991854789,0.030614948729296376,0.02430663266099531,Tt,0.008170483708488274,0.006692673985692843,-2.3719639807545656e-4,Y,High,N,Tt/Sp,Tt,45.3,1.2,38.8,-129.07004059799084,Other,4.574397138534313,0.0129,0.0927,NA,0.0704,56.83629675045984,THETE/SUIPU,1,FC02,Sp,306.1494872929638,243.06632660995308,66.92673985692844,-2.3719639807545656,5.724073503230299,5.493334355108896
6012,b,NA,0.015853986052507762,0.06127684493631902,Sp,NA,4.5619896593568354e-4,5.510838965971931e-4,N,High,N,Tt/Sp,Sp,17.2,1.5,11.2,28.768734035601852,Other,34.752349821728686,0.0051,0.0038,NA,0.0355,9.669211195928755,THETE/SUIPU,1,FC02,Tt,158.53986052507761,612.7684493631901,4.561989659356835,5.5108389659719315,5.066006047662676,6.4179871310748045
6013,a,NA,0.025043010693769352,0.00953279248556993,Sp,NA,5.145897138847388e-4,-1.5690801974821422e-4,N,Low,N,Sp/None,Sp,37.4,1.2,32.1,-159.60312757725927,NM,48.66597605442741,0.00169,0.00227,NA,0.02594,8.04679191775966,SUIPU/NM,1,FC10,None,250.43010693769352,95.3279248556993,5.145897138847388,-1.5690801974821422,5.523179867372425,4.5573227882595315
6014,a,NA,NA,0.025570558363084084,None,NA,NA,-0.0015583237513989157,Y,High,N,None/None,None,42.8,2.2,19.2,-16.409015353920683,None,NA,NA,0,NA,0.02933,0,NM/NM,1,FC07,None,NA,255.70558363084083,NA,-15.583237513989157,NA,5.544026718706519
6014,b,NA,NA,0.01196242508398404,None,NA,NA,-0.0012773075409343582,N,High,N,None/None,None,43.3,1.4,31.9,-9.365344445734232,None,NA,NA,0,NA,0.03839,0,NM/NM,1,FC07,None,NA,119.62425083984041,NA,-12.773075409343582,NA,4.784355587181642
6015,a,NA,0.01511747117134421,0.01971226536119053,Sp,NA,-4.56165360305294e-4,-0.0014415376012988368,N,High,N,Tt/Sp,Sp,10.7,1.2,9.3,-10.487046024830187,Other,-33.140331307109044,0.0027,0.0639,NA,0.0974,39.61562306261624,THETE/SUIPU,1,FC07,Tt,151.1747117134421,197.1226536119053,-4.56165360305294,-14.415376012988368,5.018436199185023,5.28382614216559
6015,b,0.02018491135985867,0.02596621542156563,0.01641460943040829,Tt,0.008316437845406421,0.012242443652185742,0.001587507524355547,Y,High,N,Tt/Sp,Tt,15.6,1.3,12,16.356593605505388,Other,2.120999382090656,NA,0.092,NA,0.10456,46.8050468050468,THETE/SUIPU,1,FC07,Sp,259.6621542156563,164.14609430408288,122.42443652185742,15.87507524355547,5.5593813791915245,5.100756850207834
6016,a,NA,0.006839168868316259,0.004816106093640249,Tt,NA,-1.0581548273219665e-4,-1.4231014668225628e-4,N,Low,N,Tt/None,Tt,37.5,0.8,47.5,-48.058195622455855,None,-64.63296950244214,NA,0.05775,NA,0.0637,47.55043227665706,THETE/NM,1,FC03,None,68.39168868316258,48.16106093640249,-1.0581548273219665,-1.4231014668225628,4.225251306765429,3.8745508301682725
6016,b,NA,NA,0.007421883555783326,None,NA,NA,-9.30601413702159e-4,Y,Low,N,Tt/None,None,46.3,0.6,81.6,-7.975362433909558,None,NA,NA,0,NA,0.02443,0,THETE/NM,1,FC03,Tt,NA,74.21883555783326,NA,-9.30601413702159,NA,4.307017966447578
6019,a,NA,0.0314281573949684,0.009356886849290369,Sp,NA,0.014271001976754571,-7.116303660598677e-4,Y,Low,N,Sp/Sp,Sp,45.2,0.9,50.8,-44.163597977105475,Self,2.2022390191074455,0.03587,0.0185,NA,0.020040000000000002,48.0020757654385,SUIPU/SUIPU,1,FC13,Sp,314.28157394968406,93.56886849290369,142.7100197675457,-7.116303660598677,5.750289316407859,4.538697726587834
6019,b,NA,0.023801053334227884,0.007136024378321171,Sp,NA,9.125524060649148e-5,-2.6274272740728355e-4,N,Low,N,Sp/Sp,Sp,42.8,0.8,56.1,-90.58691583624054,Self,260.81848205148214,5.5e-4,0.00259,NA,0.049569999999999996,4.965490797546012,SUIPU/SUIPU,1,FC13,Sp,238.01053334227885,71.3602437832117,0.9125524060649148,-2.6274272740728355,5.472314930432797,4.267740904510477
6020,a,NA,0.0250540013276197,0.010720139165737885,Sp,NA,2.0438808139339182e-4,-4.744128172703421e-4,N,Low,N,Sp/Sp,Sp,40.8,0.6,63.1,-52.810548989326286,Self,122.58053971061805,NA,0,NA,0.07132,0,SUIPU/SUIPU,1,FC11,Sp,250.54001327619702,107.20139165737885,2.043880813933918,-4.744128172703421,5.523618641406373,4.674709230430972
6020,b,NA,0.03720814712046905,0.010676163871104594,Sp,NA,0.0022991239380654727,-3.1018594520865195e-4,Y,Low,N,Sp/Sp,Sp,42.7,0.5,90.1,-119.95432963747066,Self,16.18361955370562,0.01921,0.00283,NA,0.03295,7.909446618222471,SUIPU/SUIPU,1,FC11,Sp,372.0814712046905,106.76163871104593,22.991239380654726,-3.1018594520865195,5.919112838909021,4.670598673903777
6021,a,0.003089840360507967,0.005014018060299774,0.0025180702741527394,Tt,-3.5762920819359945e-4,-6.932084551769524e-5,-3.35732311970649e-4,Y,Low,N,Tt/Tt,Tt,45.6,0.6,77.7,-14.934571030321676,Self,-72.3305958381576,NA,0.01844,NA,0.040319999999999995,31.381892443839355,THETE/THETE,1,FC13,Tt,50.140180602997745,25.180702741527394,-0.6932084551769524,-3.35732311970649,3.9148226946980866,3.226077936945084
6021,b,0.0017923525687293385,0.004057436218082744,0.002408113730523853,Tt,-0.001134975259897697,-2.992375063211039e-4,-9.597976261104813e-4,N,Low,N,Tt/Tt,Tt,21.5,0.7,30.7,-4.227387219663426,Self,-13.55925020217491,NA,0.0074400000000000004,NA,0.09323000000000001,7.3904837588159324,THETE/THETE,1,FC13,Tt,40.574362180827436,24.08113730523853,-2.992375063211039,-9.597976261104812,3.7031363937657633,3.1814288496092975
6022,a,NA,0.018711999630377507,0.026317907926934447,Tt,NA,4.016290571162706e-5,-3.6305659057433992e-6,Y,High,N,Tt/Tt,Tt,26.5,1.4,18.9,-5154.017339494079,Self,465.9025361544105,NA,0.0427,NA,0.0451,48.63325740318907,THETE/THETE,1,FC07,Tt,187.11999630377508,263.17907926934447,0.4016290571162706,-0.03630565905743399,5.231750102522691,5.5728347102332565
6022,b,NA,0.022097432765042058,0.023185558481169988,Tt,NA,9.999601571684114e-4,-3.028869856829264e-4,N,High,N,Tt/Tt,Tt,37.6,1.4,26.6,-72.95603247930399,Self,22.09831322441425,NA,0.03,NA,0.06075,33.057851239669425,THETE/THETE,1,FC07,Tt,220.97432765042058,231.85558481169988,9.999601571684114,-3.028869856829264,5.398046530292403,5.4461146985857445
6023,a,0.02202049367673209,0.028526919277042095,0.026229985035095993,Tt,0.00749908917032216,0.009812443091747558,0.003120207168362532,Y,High,N,Tt/Tt,Tt,46.4,2.5,18.3,9.14263628591459,Self,2.9072188251500535,NA,0.0198,NA,0.0394,33.44594594594595,THETE/THETE,1,FC14,Tt,285.26919277042094,262.2998503509599,98.12443091747558,31.20207168362532,5.653433270511743,5.569488316346397
6023,b,NA,0.0525339357059178,0.02879067523123502,Tt,NA,0.0018356620947948543,-0.0011641715920852058,N,High,N,Tt/Tt,Tt,46.8,2.9,16.2,-45.125594940709426,Self,28.618521815578898,NA,0.0027,NA,0.0446,5.708245243128964,THETE/THETE,1,FC14,Tt,525.339357059178,287.9067523123502,18.356620947948542,-11.641715920852057,6.264044448167182,5.6626366510157276
6024,a,0.023119612149667512,0.03225234172026625,0.02675752004110965,Tt,0.0018539087055960413,0.0012152733508291602,-7.152798756333567e-4,N,High,N,Tt/Tt,Tt,47.7,2.4,19.7,-45.09052025503705,Self,26.53916643384061,NA,0.0259,NA,0.10700000000000001,19.488337095560567,THETE/THETE,1,FC14,Tt,322.52341720266253,267.5752004110965,12.152733508291602,-7.152798756333567,5.776175745080866,5.589400649860522
6024,b,0.12167707452960985,0.03097759748923634,0.022097432765042058,Tt,0.015788718203993857,0.005280503730484332,7.31780560786488e-6,Y,High,N,Tt/Tt,Tt,48.6,1.7,27.8,4233.181249846659,Self,5.866409545438396,NA,0.0189,NA,0.0393,32.47422680412371,THETE/THETE,1,FC14,Tt,309.7759748923634,220.97432765042058,52.80503730484332,0.0731780560786488,5.7358493745958645,5.398046530292403
6025,a,0.01962433072348735,0.018668031441723798,0.03831791573269672,Tt,0.0026421559113664617,0.003809906623017445,0.0024742894961665707,Y,High,N,Tt/Sp,Tt,10.5,0.8,13.5,7.544804870507786,Other,4.8998658730745275,NA,0.01655,NA,0.042460000000000005,28.04609388239281,THETE/SUIPU,1,FC07,Sp,186.68031441723798,383.1791573269672,38.09906623017445,24.742894961665705,5.229397605337953,5.948502653508289
6025,b,NA,0.03180178932473887,0.03981221827374681,Sp,NA,4.270035662953253e-4,-0.001003591976806606,N,High,N,Tt/Sp,Sp,44.1,1.2,37.3,-31.687966882647903,Other,74.47663634440008,0.01904,0.01307,NA,0.05161,20.20717377860235,THETE/SUIPU,1,FC07,Tt,318.0178932473887,398.1221827374681,4.270035662953253,-10.035919768066059,5.762107649270738,5.98675894997478
6026,a,NA,0.018063464883455005,0.014578819015147904,Tt,NA,0.004437561319404981,-1.0946494792402062e-4,Y,High,N,Tt/Tt,Tt,46.4,1.9,24.6,-165.01597293037418,Self,4.070583724548301,NA,0.02705,NA,0.09192,22.736824409515002,THETE/THETE,1,FC15,Tt,180.63464883455003,145.78819015147903,44.37561319404981,-1.0946494792402062,5.196476476593163,4.982154815961063
6026,b,NA,0.021679761989539026,0.01971226536119053,Tt,NA,0.002456043112603057,-7.736720651709827e-4,N,High,N,Tt/Tt,Tt,41.7,2.4,17.2,-28.021900964910454,Self,8.827109702712653,NA,0.00917,NA,0.05633,13.999999999999998,THETE/THETE,1,FC15,Tt,216.79761989539026,197.1226536119053,24.56043112603057,-7.7367206517098275,5.378964291162933,5.28382614216559
6028,b,NA,0.011049952629107906,0.0060915248743094175,Tt,NA,7.116579829188896e-4,-8.466623983431898e-4,Y,High,N,MIXED/THETE,Tt,45.1,1.6,28.9,-13.051190947810193,0,15.527054981925653,0.0105,0.0629,NA,0.0385,62.03155818540434,MIXED/THETE,1,FC09,Mixed,110.49952629107906,60.915248743094175,7.116579829188896,-8.466623983431898,4.705011233990058,4.109483533243723
6029,a,NA,0.0042553512206249255,0.008532320839050866,Tt,NA,-0.0017152555717276918,-7.517749860734835e-4,N,Low,N,Tt/Tt,Tt,44.8,1,45.9,-5.660405439732174,Self,-2.480884651106961,NA,9e-5,NA,0.04313,0.20823692734844979,THETE/THETE,1,FC08,Tt,42.55351220624925,85.32320839050867,-17.15255571727692,-7.517749860734835,3.7507623946504793,4.4464464970980595
6029,b,NA,0.008884137351575339,0.010401317393731846,Tt,NA,1.8249142258303097e-4,-4.707633253426269e-4,Y,Low,N,Tt/Tt,Tt,46.4,0.8,55.2,-18.87177032133793,Self,48.68249272117534,NA,0.00153,NA,0.03923,3.7536800785083417,THETE/THETE,1,FC08,Tt,88.84137351575339,104.01317393731846,1.8249142258303097,-4.707633253426269,4.486852459462245,4.6445175635933085
6030,a,NA,0.017304998203153454,0.009554780646113148,Tt,NA,-3.5033024171648997e-4,-8.50311917809099e-4,N,Low,N,Tt/Tt,Tt,46.9,0.4,109.3,-20.35135323957502,Self,-49.39624429328538,NA,0.0072,NA,0.07332,8.941877794336811,THETE/THETE,1,FC11,Tt,173.04998203153454,95.54780646113147,-3.5033024171648997,-8.50311917809099,5.153580466247395,4.559626713448737
6030,b,NA,NA,0.013094747010451213,Tt,NA,NA,-0.001175120221067083,Y,Low,N,Tt/Tt,Tt,44.8,0.6,69.4,NA,Self,NA,NA,0.00637,NA,0.040330000000000005,13.640256959314772,THETE/THETE,1,FC11,Tt,NA,130.94747010451212,NA,-11.75120221067083,NA,4.874796251213924
6031,a,NA,0.006597285283492793,0.005948591647396917,Tt,NA,-6.49588744216334e-4,-7.992186696161863e-4,Y,Low,N,Tt/None,Tt,45,0.6,75.7,-8.254668633630704,None,-10.156095440741943,NA,0.00805,NA,0.017980000000000003,30.925854782942753,THETE/NM,1,FC04,None,65.97285283492793,59.48591647396917,-6.4958874421633395,-7.992186696161863,4.18924333672796,4.085739586617726
6031,b,NA,NA,0.009455833846683026,None,NA,NA,-1.2771227789387662e-4,N,Low,N,Tt/None,None,42.9,0.8,53.1,-74.04013147851309,None,NA,NA,0.0034,NA,0.049240000000000006,6.4589665653495425,THETE/NM,1,FC04,Tt,NA,94.55833846683026,NA,-1.2771227789387662,NA,4.549216982298149
6032,a,0.0012645511855917668,0.003936487771094566,0.007531828953323494,Tt,-0.002266345647666146,-4.92660280919266e-4,-0.0012663588894937794,N,Low,N,Tt/Tt,Tt,39.4,1.7,23,-3.1085088151180877,Self,-7.990268189977451,NA,0.02623,NA,0.03577,42.306451612903224,THETE/THETE,1,FC04,Tt,39.364877710945656,75.31828953323495,-4.9266028091926595,-12.663588894937794,3.6728739900888807,4.3217229942007
6032,b,0.004508241460242202,0.005574764331746751,0.007850669224038764,Tt,-6.860838065314567e-4,-7.444759618465691e-4,-8.57610957542998e-4,Y,Low,N,Tt/Tt,Tt,15.1,0.7,21.6,-6.5003417723557355,Self,-7.48817237553154,NA,0.02386,NA,0.04517,34.564682022309135,THETE/THETE,1,FC04,Tt,55.74764331746751,78.50669224038765,-7.444759618465691,-8.57610957542998,4.0208351371143065,4.363183872624569
6033,a,0.004310327469668529,0.010269390542044343,NA,Sp,1.9343975319130458e-4,8.320882079917435e-4,NA,N,Low,N,Sp/Sp,Sp,30.7,1.4,21.4,NA,Self,12.341709020044473,0.00296,0.0094,NA,0.02336,28.693528693528698,SUIPU/SUIPU,1,FC01,Sp,102.69390542044343,NA,8.320882079917435,NA,4.631752771653105,NA
6033,b,0.018448189912061874,0.02005301060536402,0.006311421339885381,Sp,0.0047805785672452306,0.0015035726104622449,-9.34250939317427e-4,Y,Low,N,Sp/Sp,Sp,32.2,1.8,17.9,-21.464265928397083,Self,13.336908683910584,NA,0.00314,NA,0.05809,5.128205128205128,SUIPU/SUIPU,1,FC01,Sp,200.5301060536402,63.11421339885381,15.035726104622448,-9.34250939317427,5.300964390355507,4.144945996144571
6034,a,NA,0.01450186822817523,0.02051466170688876,Tt,NA,4.963426125029202e-4,-3.7952611404140635e-4,Y,High,N,MIXED/THETE,Tt,35.7,3.6,9.9,-38.21046218335604,0,29.217455569745,NA,0.02442,NA,0.040190000000000003,37.79600681009132,MIXED/THETE,1,FC05,Mixed,145.0186822817523,205.1466170688876,4.963426125029202,-3.7952611404140635,4.976862577443416,5.3237249287151265
6035,a,NA,0.0064653482840644205,0.006344405725396074,Tt,NA,-6.202192128318407e-5,-9.486708876055294e-5,N,Low,N,Tt/Tt,Tt,43.6,0.8,55.2,-68.15164635633683,Self,-104.24295394759663,NA,8.5e-4,NA,0.01781,4.555198285101822,THETE/THETE,1,FC13,Tt,64.6534828406442,63.444057253960736,-0.6202192128318407,-0.9486708876055294,4.1690419760118855,4.15015852947393
6035,b,0.00681717950039773,0.005574764331746751,0.00857629803998261,Tt,0.008163185990416322,-9.121762463820682e-5,-3.028869856829264e-4,Y,Low,N,Tt/Tt,Tt,47.1,1.3,36.6,-18.40542709082465,Self,-61.11499125150143,NA,0.00437,NA,0.02195,16.60334346504559,THETE/THETE,1,FC13,Tt,55.74764331746751,85.7629803998261,-0.9121762463820682,-3.028869856829264,4.0208351371143065,4.451587449515107
6036,a,NA,0.013061767126727464,0.005904612109858043,Sp,NA,-1.4231014668225628e-4,-0.0010181901022610629,N,Low,N,Sp/Sp,Sp,50.3,0.6,87,-12.828416911264023,Self,-91.78380762891906,0.0037,3e-4,0.00528,0.04026,0.6544502617801047,SUIPU/SUIPU,1,FC11,Sp,130.61767126727463,59.04612109858043,-1.4231014668225628,-10.181901022610628,4.872274516014212,4.0783188520620905
6036,b,NA,0.004387294115665963,0.005233919316637747,Sp,NA,5.1111267600434385e-5,-1.9340272112816637e-4,Y,Low,N,Sp/Sp,Sp,42.7,0.6,72.6,-22.68475898412277,Self,85.83810031799477,1.6e-4,0,NA,0.04259,0,SUIPU/SUIPU,1,FC11,Sp,43.87294115665963,52.33919316637747,0.5111126760043438,-1.9340272112816637,3.781297755480669,3.95774548174393
6038,a,0.02097630849866916,0.06400045049432634,NA,Tt,3.613138545441319e-4,-4.6711383368225334e-4,NA,N,High,N,Tt/Tt,Tt,44.9,2.4,18.9,NA,Self,-137.01253501702462,NA,0.0095,NA,0.18480000000000002,4.889346371590323,THETE/THETE,1,FC14,Tt,640.0045049432634,NA,-4.671138336822533,NA,6.4614752153027935,NA
6038,b,NA,0.04125154051905788,0.01773369819095838,Tt,NA,0.004200367160267726,-1.3866067908407942e-4,Y,High,N,Tt/Tt,Tt,48.1,1.8,26.6,-297.49991700274495,Self,9.820936824110529,NA,0.0325,NA,0.036699999999999997,46.96531791907515,THETE/THETE,1,FC14,Tt,412.5154051905788,177.3369819095838,42.00367160267726,-1.3866067908407942,6.022273550993949,5.178051775139983
6039,a,NA,0.0032547728109193486,0.0035516498356618076,Tt,NA,-4.707633253426269e-4,-5.765986997945394e-4,N,Low,N,Tt/None,Tt,46.5,0.5,99.4,-5.644780003976992,None,-6.913819823476028,NA,0.01556,NA,0.03635,29.974956655750333,THETE/NM,1,FC10,None,32.547728109193486,35.51649835661807,-4.707633253426269,-5.765986997945394,3.4827075692660765,3.5699973309619955
6039,b,NA,NA,0.0038375297308359535,None,NA,NA,-1.861037787133646e-4,Y,Low,N,Tt/None,None,56.5,0.8,74.7,-20.6203751335242,None,NA,NA,0,NA,0.05432,0,THETE/NM,1,FC10,Tt,NA,38.375297308359535,NA,-1.8610377871336459,NA,3.6474139533264585
6040,a,NA,0.014820663566123882,0.008235473709920615,Tt,NA,5.729803933919309e-4,-3.5397972482137385e-4,N,High,N,Tt/None,Tt,39.4,3.6,10.9,-41.868679268573146,None,25.86591746776618,NA,0.2364,NA,0.031,88.40688107703815,THETE/NM,1,FC09,None,148.2066356612388,82.35473709920615,5.7298039339193085,-3.5397972482137385,4.998607486901712,4.411035978942569
6040,b,NA,NA,0.007542823479634642,None,NA,NA,-9.30601413702159e-4,Y,High,N,Tt/None,None,44.3,1.5,29.4,-8.10532132078701,None,NA,NA,0,NA,0.04905,0,THETE/NM,1,FC09,Tt,NA,75.42823479634642,NA,-9.30601413702159,NA,4.323181671713764
6041,a,NA,0.021086223766257683,0.010445292932755423,Sp,NA,1.6059475414781366e-4,-8.39363360213452e-4,N,High,N,Tt/Sp,Sp,14.9,1.2,12.4,-25.12168718074066,Other,131.3008253485642,0.0037,0.0205,NA,0.046,30.82706766917293,THETE/SUIPU,1,FC07,Tt,210.86223766257683,104.45292932755423,1.6059475414781366,-8.393633602134521,5.351205018169594,4.648736532870723
6041,b,NA,0.12292754376658754,0.014007181738600716,Tt,NA,0.044999390699924036,0.0029632900859812294,Y,High,N,Tt/Sp,Tt,36.9,1.2,31.1,41.48346607985993,Other,2.731760182850544,NA,0.0018,NA,0.0352,4.864864864864864,THETE/SUIPU,1,FC07,Sp,1229.2754376658754,140.07181738600715,449.9939069992404,29.632900859812295,7.114180199725183,4.942155272407985
6043,a,NA,0.038889272037155864,0.013523483497465794,Sp,NA,6.569168752761922e-4,-0.0014378880385196857,N,High,N,Sp/Sp,Sp,39.6,0.9,42.4,-27.046105813073318,Self,59.199684923309924,NA,0.0162,NA,0.1021,13.693998309382927,SUIPU/SUIPU,1,FC02,Sp,388.89272037155865,135.23483497465793,6.5691687527619225,-14.378880385196858,5.963303522476759,4.907012785559481
6043,b,NA,0.06071673002756617,0.012611039844925731,Sp,NA,-2.0800060916620344e-4,-7.371769386890215e-4,Y,High,N,Sp/Sp,Sp,28.1,1.9,14.6,-82.363848949946,Self,-291.90650099995764,0.00316,0.00207,NA,0.04733,4.190283400809716,SUIPU/SUIPU,1,FC02,Sp,607.1673002756617,126.1103984492573,-2.0800060916620344,-7.3717693868902145,6.408804371330326,4.837157701500159
6044,a,NA,0.008356411644273587,0.0037055853691632112,Tt,NA,-2.9176775461658977e-5,-5.765986997945394e-4,N,Low,N,Tt/Tt,Tt,43.7,0.6,78.6,-14.492595365288276,Self,-286.40627732336964,NA,0.01025,NA,0.032529999999999996,23.95979429640019,THETE/THETE,1,FC13,Tt,83.56411644273587,37.05585369163211,-0.29176775461658977,-5.765986997945394,4.425614198791577,3.6124263336383344
6044,b,NA,0.007894647031101654,0.00875220645266328,Tt,NA,-1.861037787133646e-4,-1.2771227789387662e-4,Y,Low,N,Tt/Tt,Tt,47.6,1,48.2,-61.81588145864694,Self,-42.42067026087052,NA,0.0018600000000000001,NA,0.02524,6.863468634686347,THETE/THETE,1,FC13,Tt,78.94647031101654,87.5220645266328,-1.8610377871336459,-1.2771227789387662,4.368770031798696,4.471890927593723
6045,a,NA,0.0031887998967550235,0.0050470033110803225,Tt,NA,5.1111267600434385e-5,-5.474027119702352e-4,N,Low,N,Tt/Tt,Tt,44.1,0.9,51.1,-5.825327180564669,Self,62.38937217686854,0.00144,0.01733,NA,0.05926,22.626974800887844,THETE/THETE,1,FC03,Tt,31.887998967550235,50.47003311080323,0.5111126760043438,-5.474027119702352,3.4622297310930623,3.921379756401158
6045,b,NA,0.00647634304745992,0.004882076837188887,Tt,NA,-2.3719639807545656e-4,-0.001321102170759536,Y,Low,N,Tt/Tt,Tt,46.4,0.6,83.4,-4.9022272393485675,Self,-27.303715823710256,NA,0.03315,NA,0.032869999999999996,50.21205695243866,THETE/THETE,1,FC03,Tt,64.7634304745992,48.82076837188887,-2.3719639807545656,-13.21102170759536,4.170741099528128,3.888155803716192
6048,a,NA,NA,0.008609280915019113,None,NA,NA,-6.824342990967569e-4,N,High,N,Tt/None,None,42.8,1.5,27.8,-12.615545447252604,None,NA,NA,0,NA,0.00795,0,THETE/NM,1,FC02,Tt,NA,86.09280915019113,NA,-6.824342990967569,NA,4.455425890526528
6048,b,NA,0.031658930390853435,0.010016529759296011,Tt,NA,0.0048754552613339275,-1.4231014668225628e-4,Y,High,N,Tt/None,Tt,40.4,2.7,15.1,-222.46432267082176,None,6.493533156161407,NA,0.00354,NA,0.0211,14.366883116883116,THETE/NM,1,FC02,None,316.58930390853436,100.16529759296012,48.75455261333927,-1.4231014668225628,5.757605362632795,4.606821797256608
6049,a,0.014282008177049388,0.05637837019392866,0.02185562379867756,Tt,0.0018320127718325363,0.004565280783437431,2.9214541416577866e-5,Y,High,N,Tt/None,Tt,37.1,2.8,13.3,1929.8050717283077,None,12.349376274612958,0.02036,0.0172,NA,0.08981,16.073264180917672,THETE/NM,1,FC02,None,563.7837019392866,218.55623798677559,45.65280783437431,0.29214541416577866,6.334670670740519,5.387043363509063
6049,b,NA,NA,0.013699374314350976,None,NA,NA,-0.001321102170759536,N,High,N,Tt/None,None,45.8,1.6,27.9,-10.369655441921536,None,NA,NA,0,NA,0.03994,0,THETE/NM,1,FC02,Tt,NA,136.99374314350976,NA,-13.21102170759536,NA,4.919935254299866
6050,a,NA,0.022657985366622002,0.00862027520181008,Sp,NA,-1.2041334510382029e-4,-0.001456135855088636,N,High,N,Sp/Sp,Sp,14.9,1.2,12.3,-15.560351245689773,Self,-188.16839069694728,0.00794,0.01354,NA,0.03553,27.59323415528836,SUIPU/SUIPU,1,FC05,Sp,226.57985366622003,86.2027520181008,-1.204133451038203,-14.56135855088636,5.42309743760799,4.456702103124071
6050,b,NA,0.02149290813204563,0.009884601881156252,Sp,NA,2.0438808139339182e-4,-9.926433855231842e-4,Y,High,N,Sp/Sp,Sp,22.5,1.8,12.8,-21.65219498311324,Self,105.15734570000484,0.02985,0.02736,NA,0.03931,41.037948102594875,SUIPU/SUIPU,1,FC05,Sp,214.9290813204563,98.84601881156252,2.043880813933918,-9.926433855231842,5.3703081193903,4.593563273758145
6051,a,NA,NA,0.007575807043903815,None,NA,NA,-4.853612946576491e-4,Y,High,N,Tt/None,None,43.8,1.2,36.3,-15.608593283581525,None,NA,NA,0,NA,0.05215,0,THETE/NM,1,FC09,Tt,NA,75.75807043903815,NA,-4.853612946576491,NA,4.327544979163797
6051,b,NA,0.02173471887207934,0.005860632533211341,Tt,NA,0.00168603963412145,-1.642069578853267e-4,N,High,N,Tt/None,Tt,44.7,1.6,27.9,-132.36174125616344,None,12.890989293620441,NA,0.0218,NA,0.02715,44.535240040858014,THETE/NM,1,FC09,None,217.34718872079338,58.60632533211341,16.8603963412145,-1.6420695788532669,5.3814960230092765,4.070842631578824
6052,a,NA,0.008950102669053717,0.011599636847000827,Tt,NA,9.233230331580633e-4,-0.0010729331108141893,Y,High,N,MIXED/THETE,Tt,32.1,1.4,23.5,-8.34171541435792,0,9.693360121691617,NA,0.01834,NA,0.038060000000000004,32.51773049645389,MIXED/THETE,1,FC12,Mixed,89.50102669053717,115.99636847000826,9.233230331580632,-10.729331108141892,4.494250096617663,4.75355888432328
6053,a,NA,0.0031887998967550235,0.003452691025413346,Tt,NA,-2.8463959154723106e-4,-6.641867659340495e-4,Y,Low,N,Tt/Sp,Tt,43.7,0.5,84.1,-4.801059069990045,Other,-11.202938703718232,NA,0.01596,NA,0.046400000000000004,25.593329057087878,THETE/SUIPU,1,FC08,Sp,31.887998967550235,34.526910254133455,-2.8463959154723106,-6.641867659340495,3.4622297310930623,3.5417390273558516
6053,b,NA,0.011511687782703506,0.007641774106450949,Sp,NA,5.218885525661299e-4,-4.963097744511424e-4,N,Low,N,Tt/Sp,Sp,37.2,0.9,40.7,-23.194561895207517,Other,22.057751077505824,0.01541,0.00544,NA,0.04428,10.94127111826227,THETE/SUIPU,1,FC08,Tt,115.11687782703505,76.4177410645095,5.218885525661299,-4.963097744511424,4.745947941181406,4.336214882101486
6054,a,NA,0.0038375297308359535,0.0035846360617450834,Tt,NA,-2.5527316151574553e-5,-9.85165531504073e-5,N,Low,N,Tt/None,Tt,44.9,0.7,66.8,-38.95314653342688,None,-150.330324897835,NA,0.0097,NA,0.0235,29.21686746987952,THETE/NM,1,FC06,None,38.375297308359535,35.846360617450834,-0.25527316151574553,-0.985165531504073,3.6474139533264585,3.5792420449454574
6054,b,NA,NA,0.004024450307327898,None,NA,NA,-4.56165360305294e-4,Y,Low,N,Tt/None,None,43.8,0.8,57.9,-8.822349651088123,None,NA,NA,0,NA,0.0273,0,THETE/NM,1,FC06,Tt,NA,40.24450307327898,NA,-4.56165360305294,NA,3.6949734249301187
6055,a,0.001605423556345853,0.0054758095693441255,0.009290922074382202,Tt,-3.1748490580379984e-4,-7.116303660598677e-4,-0.001390443746722314,Y,High,N,Tt/Tt,Tt,47,2.3,20.4,-3.9381741133017596,Self,-7.69473849136373,0.00445,0.01212,NA,0.0451,21.1814051031108,THETE/THETE,1,FC09,Tt,54.758095693441255,92.90922074382202,-7.116303660598677,-13.90443746722314,4.002925224312302,4.5316228954027
6055,b,0.0012205674827603374,0.008598286625784546,0.008664252324532384,Tt,9.634663032961899e-4,-1.7880483736792963e-4,-8.831576050337131e-4,N,High,N,Tt/Tt,Tt,39.3,3,13,-9.73584621451153,Self,-48.08755038372766,3e-4,0.0192,NA,0.1076,15.141955835962145,THETE/THETE,1,FC09,Tt,85.98286625784546,86.64252324532384,-1.7880483736792963,-8.83157605033713,4.454148046844726,4.461790725598805
6056,b,NA,0.004475255850144633,0.004134403257624486,Sp,NA,0.0011276884351851257,-5.10907751252343e-4,Y,Low,N,MIXED/SUIPU,Sp,46.9,0.7,66.7,-8.759420539568707,0,3.968521544170981,NA,0.01282,NA,0.02185,36.97721372944909,MIXED/SUIPU,1,FC10,Mixed,44.75255850144633,41.34403257624486,11.276884351851258,-5.10907751252343,3.801148616303216,3.721928096091445
6057,a,NA,0.015128464011401555,0.005761678342767418,Sp,NA,3.2846896618499155e-4,0.012248256365999355,Y,Low,N,MIXED/SUIPU,MIXED,38.3,1.2,33.1,1.2351524624678445,Mixed,46.05751400843544,0.00511,0.01374,NA,0.02152,38.96766874645491,MIXED/THETE,1,FC01,Tt,151.28464011401553,57.61678342767418,3.2846896618499155,122.48256365999355,5.019163096235814,4.0538139042119194
6057,a,NA,0.00975267365108734,0.005761678342767418,Tt,NA,3.9415872124748397e-4,0.012248256365999355,Y,Low,N,MIXED/SUIPU,MIXED,42.6,1,44.3,0.7962499607830182,Mixed,24.74301119158503,0.00511,0.01374,NA,0.02152,38.96766874645491,MIXED/THETE,1,FC01,Tt,97.5267365108734,57.61678342767418,3.9415872124748397,122.48256365999355,4.580126561036541,4.0538139042119194
6057,b,NA,0.006597285283492793,0.004123407973594562,Tt,NA,4.016290571162706e-5,-7.335274275114823e-4,N,Low,N,Tt/None,Tt,43.3,0.6,78.2,-8.99391765877701,Mixed,164.26314696605468,NA,0.02002,NA,0.04595,30.347127482188874,MIXED/THETE,1,FC01,Mixed,65.97285283492793,41.23407973594561,0.4016290571162706,-7.3352742751148226,4.18924333672796,3.7192650924891852
6058,a,NA,NA,0.003716580746080167,None,NA,NA,-2.1877857108831833e-5,Y,Low,N,None/None,None,45.9,0.7,64.7,-169.87864613942594,None,NA,NA,0,NA,0.03195,0,NM/NM,1,FC13,None,NA,37.16580746080167,NA,-0.21877857108831833,NA,3.6153891843182553
6058,b,NA,NA,0.005541779432944427,None,NA,NA,-2.2624797522935447e-4,N,Low,N,None/None,None,44.3,0.7,66,-24.49427194796575,None,NA,NA,0,NA,0.07091,0,NM/NM,1,FC13,None,NA,55.41779432944427,NA,-2.2624797522935447,NA,4.0149007394628216
6061,a,NA,NA,0.007136024378321171,None,NA,NA,-0.0012809570919493085,Y,Low,N,Tt/None,None,53.5,0.9,59,-5.57085356189555,None,NA,NA,0,NA,0.0222,0,THETE/NM,1,FC01,Tt,NA,71.3602437832117,NA,-12.809570919493085,NA,4.267740904510477
6061,b,NA,0.007982602527911276,0.006498332566918119,Tt,NA,-6.860838065314567e-4,-7.225788955825818e-4,N,Low,N,Tt/Tt,Tt,55.5,1.1,48.4,-11.047378461663032,None,-11.635025418057692,NA,0.00306,NA,0.05926,4.910141206675224,THETE/THETE,1,FC01,Tt,79.82602527911276,64.9833256691812,-6.860838065314567,-7.225788955825818,4.379849582603708,4.174130708820216
6062,a,0.007641774106450949,0.0548845683090724,0.005068993466045946,Sp,0.002083815429048841,5.218885525661299e-4,-6.787847919293988e-4,N,Low,N,Sp/None,Sp,40.4,2.1,19.5,-80.85709780424929,None,105.16530404662944,9e-4,0.00143,NA,0.040459999999999996,3.413702554308905,SUIPU/NM,1,FC03,None,548.845683090724,50.68993466045946,5.218885525661299,-6.787847919293988,6.307817314730659,3.925727363480852
6062,b,NA,NA,0.005376854608955428,None,NA,NA,-8.50311917809099e-4,Y,Low,N,Sp/None,None,49,0.8,63.6,-6.3233908596851744,None,NA,5.6e-4,0,NA,0.04939,0,SUIPU/NM,1,FC03,Sp,NA,53.76854608955428,NA,-8.50311917809099,NA,3.9846886510205355
6063,a,NA,0.0728840722502695,0.006982099521478657,Sp,NA,6.569168752761922e-4,-0.001076582646856672,Y,High,N,Sp/None,Sp,34.7,1.7,19.9,-67.699467814265,None,110.94869837165672,0.0031,0.0122,NA,0.06801,15.210073556913104,SUIPU/NM,1,FC02,None,728.8407225026949,69.82099521478658,6.5691687527619225,-10.765826468566718,6.59145522048613,4.245934755582558
6063,b,NA,0.06622974173825558,0.009455833846683026,None,NA,5.401356445906558e-4,-5.583512053991546e-4,N,High,N,Sp/None,None,46.3,1.3,34.4,-16.935279722237244,None,122.61686930224367,NA,0,NA,0.0335,0,SUIPU/NM,1,FC02,Sp,662.29741738255575,94.55833846683026,5.401356445906558,-5.583512053991546,6.495714726015651,4.549216982298149
6064,a,NA,0.011643611320497849,0.006795190122702577,Sp,NA,-3.28433348701862e-4,-0.001175120221067083,Y,High,N,Tt/Sp,Sp,36.8,1.8,20.7,-9.90844265272256,Other,-35.4519763797416,0.0124,0.00185,NA,0.04229,4.191209787041233,THETE/SUIPU,1,FC05,Tt,116.43611320497848,67.95190122702577,-3.2843334870186203,-11.75120221067083,4.7573427380813555,4.218800120000071
6064,b,NA,0.06056297188351012,0.01299580729329941,Tt,NA,0.0017517275990251435,-6.240422165038062e-4,N,High,N,Tt/Sp,Tt,45.2,1.4,32.1,-97.0494788362459,Other,34.573281780348786,NA,0.00667,NA,0.032189999999999996,17.16417910447761,THETE/SUIPU,1,FC05,Sp,605.6297188351012,129.9580729329941,17.517275990251434,-6.240422165038062,6.406268774292862,4.8672118825360995
6065,a,0.005959586525670968,0.021646787830698067,0.0272850494191359,Tt,0.0013028581124819305,1.0967262244421239e-5,-0.0010619845042910137,N,High,N,Tt/Tt,Tt,42.5,1.9,22.6,-20.38333680315757,Self,1973.7640395814576,NA,0.04468,NA,0.03701,54.694577059615625,THETE/THETE,1,FC12,Tt,216.46787830698065,272.85049419135896,0.10967262244421239,-10.619845042910136,5.377442168337822,5.608924004850534
6065,b,NA,0.01165460493276238,0.027109206918453532,Tt,NA,1.313991812624815e-4,-0.0010254891665923416,Y,High,N,Tt/Tt,Tt,35,1.8,18.9,-11.364922529108869,Self,88.6961761921581,NA,0.01168,NA,0.12567,8.503822351656352,THETE/THETE,1,FC12,Tt,116.5460493276238,271.0920691845353,1.3139918126248151,-10.254891665923417,4.758286468104372,5.6024585018699025
6066,a,0.03315343419488004,0.03793334527160663,0.018360253026545426,Tt,1.27749733448701e-4,-2.3719639807545656e-4,-0.0011459238824627627,N,High,N,Tt/Tt,Tt,42.8,1.6,27.2,-33.10284902177113,Self,-159.92378290474434,NA,0.03796,NA,0.0557,40.52957505872305,THETE/THETE,1,FC12,Tt,379.33345271606635,183.60253026545425,-2.3719639807545656,-11.459238824627626,5.9384156407353395,5.212773259493684
6066,b,0.0250540013276197,0.046008696835931895,0.018711999630377507,Tt,0.001996232040467727,0.002003530662064268,-6.167432109921434e-4,Y,High,N,Tt/Tt,Tt,41.6,1.3,33,-74.5994378469421,Self,22.963809692100465,NA,0.00971,NA,0.03839,20.187110187110186,THETE/THETE,1,FC12,Tt,460.086968359319,187.11999630377508,20.03530662064268,-6.1674321099214335,6.131415533263932,5.231750102522691
6067,a,NA,0.0028259472958422904,NA,Tt,NA,-3.2113438650249737e-4,NA,N,Low,N,MIXED/THETE,Tt,43.8,1,44.3,NA,Mixed,-8.799890060419655,NA,0.01886,NA,0.0349,35.081845238095234,MIXED/THETE,1,FC03,Mixed,28.259472958422904,NA,-3.2113438650249737,NA,3.3414287273451375,NA
6067,b,NA,0.00696011021710885,0.0026170309544140125,Sp,NA,-1.605574886830441e-4,0.029406100319721462,Y,Low,N,MIXED/THETE,MIXED,31.8,0.8,37.8,0.2366893311739466,Mixed,-43.34964550204679,0.00488,0.02558,NA,0.01476,63.41100644521567,MIXED/THETE,1,FC03,Tt,69.6011021710885,26.170309544140125,-1.605574886830441,294.06100319721463,4.24278040300649,3.2646255446776853
6067,b,NA,0.004431275002460433,0.0026170309544140125,Tt,NA,3.6683487040778395e-6,0.029406100319721462,Y,Low,N,MIXED/THETE,MIXED,46.2,0.9,49.4,0.1506923717963568,Mixed,1207.9754025386144,0.00488,0.02558,NA,0.01476,63.41100644521567,MIXED/THETE,1,FC03,Tt,44.31275002460433,26.170309544140125,0.036683487040778395,294.06100319721463,3.7912724465806162,3.2646255446776853
6068,a,NA,NA,0.0034087092684145226,None,NA,NA,-0.0012006670313824408,N,High,N,Tt/None,None,41.5,1.7,24.8,-2.839012964726578,None,NA,NA,0,NA,0.03422,0,THETE/NM,1,FC05,Tt,NA,34.087092684145226,NA,-12.006670313824408,NA,3.528918798973663
6068,b,0.001990276635336574,0.008125529876608306,0.0021222255730573014,Tt,0.0014086894940240624,0.004211314607858063,-0.0010510359001740799,Y,High,N,Tt/None,Tt,17.3,2.1,8.1,-7.730972724397425,None,1.9294521148922357,0.0053,0.01874,NA,0.036449999999999996,33.95542670773691,THETE/NM,1,FC05,None,81.25529876608306,21.222255730573014,42.113146078580634,-10.510359001740799,4.3975960346659635,3.055050429636688
6069,a,0.0027599738096735216,0.005816652917456588,0.006069535173978791,Tt,2.5912968631119915e-4,6.824627329953259e-4,3.978081495444874e-4,Y,Low,N,Tt/None,Tt,40.5,0.9,43.2,14.621754039269888,None,8.523033766147677,NA,0.00352,NA,0.02879,10.89445991952956,THETE/NM,1,FC11,None,58.16652917456588,60.69535173978791,6.824627329953259,3.978081495444874,4.063310089210534,4.105867117535016
6069,b,NA,NA,0.008631269486156778,None,NA,NA,-2.773406357645114e-4,N,Low,N,Tt/None,None,39.6,0.6,63.4,-31.121546477904335,None,NA,NA,0,NA,0.07164,0,THETE/NM,1,FC11,Tt,NA,86.31269486156779,NA,-2.773406357645114,NA,4.457976688795553
6070,a,NA,0.03135123282365626,0.029406100319721462,Tt,NA,0.00275163370347431,-2.6274272740728355e-4,Y,High,N,Tt/Tt,Tt,40.5,2.6,15.6,-119.3229328667887,Self,11.393679610796701,NA,0.0118,NA,0.0298,28.365384615384613,THETE/THETE,1,FC14,Tt,313.5123282365626,294.06100319721463,27.5163370347431,-2.6274272740728355,5.747838683818328,5.683787239682883
6070,b,NA,0.03401055569950873,0.03392264648541077,Tt,NA,7.554508257223702e-4,-6.203927136143039e-4,N,High,N,Tt/Tt,Tt,47.2,2.1,22.4,-54.82101087449743,Self,45.02021116594514,NA,0.0191,NA,0.0556,25.568942436412318,THETE/THETE,1,FC14,Tt,340.1055569950873,339.2264648541077,7.554508257223702,-6.203927136143039,5.829256031177187,5.826667922260168
6071,a,0.003331741099555696,0.0032327818493091964,0.004475255850144633,Tt,-0.0010619845042910137,-6.641867659340495e-4,-1.0929481584875944e-5,Y,Low,N,Tt/Sp,Tt,42.2,0.9,45.1,-295.7854701711262,Other,-4.867278324588292,NA,0.02043,NA,0.01718,54.32065939909598,THETE/SUIPU,1,FC11,Sp,32.32781849309197,44.75255850144633,-6.641867659340495,-0.10929481584875944,3.4759281132185884,3.801148616303216
6071,b,NA,0.022636003031366148,0.009840625843569928,Sp,NA,2.1915630549818044e-5,-3.6305659057433992e-6,N,Low,N,Tt/Sp,Sp,43,1.1,40.1,-6234.841514805436,Other,1032.870260333627,NA,0.0024,NA,0.03737,6.034699522252954,THETE/SUIPU,1,FC11,Tt,226.36003031366147,98.40625843569927,0.21915630549818044,-0.03630565905743399,5.422126786192239,4.589104404024501
6072,a,0.0032987547048068944,0.006828174185578906,0.0025400615535444704,Tt,-1.71505897091917e-4,8.395633882973819e-5,-0.0010473863660031557,N,Low,N,Tt/Tt,Tt,47.9,0.8,59.2,-6.519250591007152,SELF,81.33006132421174,NA,0.0174,NA,0.0122,58.783783783783775,THETE/THETE,1,FC10,Tt,68.28174185578905,25.400615535444704,0.8395633882973819,-10.473863660031558,4.223642408083997,3.2347734074097856
6074,a,NA,NA,0.0069930941699971605,None,NA,NA,5.401356445906558e-4,N,Low,N,None/None,None,48.9,0.8,64.8,12.946922203767738,None,NA,NA,0,NA,0.02876,0,NM/NM,1,FC08,None,NA,69.93094169997161,NA,5.401356445906558,NA,4.247508207948166
6074,b,NA,NA,0.007289948756109332,None,NA,NA,8.030688754029347e-5,Y,Low,N,None/None,None,69.6,1.2,59.7,90.77613364671426,None,NA,NA,0,NA,0.01858,0,NM/NM,1,FC08,None,NA,72.89948756109332,NA,0.8030688754029347,NA,4.289081609649623
6075,a,NA,0.0032767637627519886,0.005453819595256926,Tt,NA,1.4616718613580382e-5,1.5329586253060024e-4,Y,Low,N,Tt/Tt,Tt,43.9,0.7,59.7,21.375422067232215,Self,224.17916424193524,NA,0.0065,NA,0.017300000000000003,27.310924369747898,THETE/THETE,1,FC10,Tt,32.76763762751989,54.538195952569254,0.14616718613580382,1.5329586253060024,3.489441370625422,3.9989012993597215
6075,b,0.012347197578724156,0.005607749208550672,0.008345417298825542,Tt,1.569453084729333e-4,-5.1073536936452335e-5,0.001003609541085304,N,Low,N,Tt/Tt,Tt,35.8,1.5,23.7,5.58758060678304,Self,-109.79754966898122,NA,0.00294,NA,0.0149,16.479820627802688,THETE/THETE,1,FC10,Tt,56.07749208550672,83.45417298825541,-0.5107353693645234,10.03609541085304,4.026734521425117,4.424297654708467
6076,a,NA,NA,0.0047721255490542624,None,NA,NA,-4.123714908600973e-4,Y,Low,N,Tt/None,None,45.1,0.8,58.5,-11.572394442450125,None,NA,NA,0,NA,0.0327,0,THETE/NM,1,FC10,Tt,NA,47.721255490542624,NA,-4.123714908600973,NA,3.8653769064088275
6076,b,NA,NA,0.0037275761205528557,Tt,NA,NA,-2.408458728921925e-4,N,Low,N,Tt/None,Tt,48.9,0.7,65.5,NA,None,NA,NA,0,NA,0.0406,0,THETE/NM,1,FC10,None,NA,37.27576120552855,NA,-2.408458728921925,NA,3.618343281784437
6077,a,NA,0.013831292016478036,0.004288336977384288,Sp,NA,4.2335414013722206e-4,-6.49588744216334e-4,N,Low,N,Sp/Sp,Sp,35.2,1,33.9,-21.292382510667043,Self,32.67073758153136,6.5e-4,0.00876,NA,0.043739999999999994,16.68571428571429,SUIPU/SUIPU,1,FC03,Sp,138.31292016478037,42.88336977384289,4.233541401372221,-6.4958874421633395,4.929518655599915,3.758484099818541
6077,b,NA,0.023471324901410018,0.010104481482540173,Sp,NA,5.802792235178877e-4,-8.904566495800958e-4,Y,Low,N,Sp/Sp,Sp,34.6,1.1,30.6,-26.35875077408672,Self,40.44832892537033,0.00817,0.00748,NA,0.025800000000000003,22.475961538461533,SUIPU/SUIPU,1,FC03,Sp,234.71324901410017,101.04481482540173,5.802792235178877,-8.904566495800958,5.458364552112006,4.615564129573172
6078,a,NA,0.007300943336191468,0.00793862479905938,Tt,NA,8.395633882973819e-5,-0.0018320423635135863,Y,Low,N,Tt/Sp,Tt,48.3,1.2,39.8,-3.9851389256028655,Other,86.96119242404839,NA,0.01268,NA,0.021589999999999998,37.000291800408526,THETE/SUIPU,1,FC04,Sp,73.00943336191467,79.3862479905938,0.8395633882973819,-18.320423635135864,4.290588656935489,4.3743251541414825
6078,b,NA,0.015821008008825466,0.009730685578526854,Sp,NA,6.934109537218291e-4,-5.401037176877566e-4,N,Low,N,Tt/Sp,Sp,46.9,0.9,51.7,-29.29253676785811,Other,22.816207220130345,0.00644,0.00375,NA,0.03691,9.222823413674371,THETE/SUIPU,1,FC04,Tt,158.21008008825464,97.30685578526854,6.9341095372182915,-5.401037176877566,5.063923770675715,4.577869446990003
6079,a,NA,0.0014624773643032718,0.0040684315167789364,Sp,NA,8.722315516507817e-4,-8.138167351812164e-4,N,Low,N,Sp/None,Sp,46.6,0.7,62.8,-1.7970598306480083,None,1.6767077062683566,0.0114,0.0062,NA,0.07999999999999999,7.192575406032484,SUIPU/NM,1,FC06,None,14.624773643032718,40.684315167789364,8.722315516507816,-8.138167351812164,2.6827169155986716,3.705842641459068
6079,b,NA,NA,0.00350766816666237,None,NA,NA,-8.756816078292484e-5,Y,Low,N,Sp/None,None,46.7,0.8,55.9,-40.05643301516434,None,NA,NA,0,NA,0.0288,0,SUIPU/NM,1,FC06,Sp,NA,35.0766816666237,NA,-0.8756816078292484,NA,3.5575365697179997
6080,a,NA,0.005036008229930999,0.006322416137499953,Tt,NA,-2.9193854839937305e-4,-0.0012371624974163442,Y,Low,N,Tt/Tt,Tt,38.8,0.9,43.1,-4.070611775290683,Self,-17.25023385072711,NA,0.01527,NA,0.034100000000000005,30.929714401458376,THETE/THETE,1,FC06,Tt,50.360082299309994,63.22416137499953,-2.9193854839937305,-12.371624974163442,3.919198843394628,4.1466865283320296
6080,b,NA,0.004915062175964824,0.006102519720808219,Tt,NA,8.395633882973819e-5,1.4599696984396449e-4,N,Low,N,Tt/Tt,Tt,44.8,0.6,76.4,33.665508134982794,Self,58.543074227337065,NA,0.0087,NA,0.0287,23.262032085561493,THETE/THETE,1,FC06,Tt,49.15062175964824,61.02519720808219,0.8395633882973819,1.4599696984396449,3.8948894967603285,4.111286847868758
6084,a,0.00876320070768144,NA,0.007718735568214674,Sp,0.003981417703222023,NA,-8.795080831615065e-4,Y,Low,N,Sp/Sp,Sp,45,0.7,63.9,NA,Self,NA,0.0184,0.0179,NA,0.027290000000000002,39.61053330382828,SUIPU/SUIPU,1,FC04,Sp,NA,77.18735568214674,NA,-8.795080831615065,NA,4.346235657115567
6084,b,NA,0.0051569539881355375,0.011500694138669054,Sp,NA,2.5912968631119915e-4,-5.875471996402148e-4,N,Low,N,Sp/Sp,Sp,47.4,0.7,72.3,-8.77708887267849,Self,19.90105441621361,0.00753,0.0041,NA,0.02579,13.716962194713952,SUIPU/SUIPU,1,FC04,Sp,51.569539881355375,115.00694138669054,2.5912968631119915,-5.8754719964021485,3.9429311858077334,4.744992486425931
6085,a,0.0032327818493091964,0.004750135262095556,0.0042113701773915935,Tt,1.5329586253060024e-4,-3.6492817574007574e-4,-0.0013794950704167364,N,Low,N,Tt/Sp,Tt,45.6,0.8,58.9,-3.4433869058050144,Other,-13.016630608097781,NA,0.0342,NA,0.0353,49.20863309352518,THETE/SUIPU,1,FC06,Sp,47.50135262095556,42.113701773915935,-3.6492817574007574,-13.794950704167363,3.8607581868657985,3.74037314555116
6085,b,NA,0.008158513052264782,0.004167389095047991,Sp,NA,3.3576783213629113e-4,-0.0015948194794525028,Y,Low,N,Tt/Sp,Sp,44.4,1.2,36.8,-5.11563418767971,Other,24.298078229701197,0.0033,0.0015,NA,0.02194,6.399317406143344,THETE/SUIPU,1,FC06,Tt,81.58513052264782,41.67389095047991,3.3576783213629113,-15.948194794525028,4.4016470213780945,3.729874816416647
6087,a,NA,0.0018693231331914362,0.010797095837256743,Tt,NA,2.1533640718940372e-4,-8.685595191491591e-4,N,High,N,Tt/Tt,Tt,47.1,2.9,16.2,-2.1522107489221063,Self,8.680943262637577,0.0099,0.0216,NA,0.0771,21.88449848024316,THETE/THETE,1,FC09,Tt,18.69323133191436,107.97095837256742,2.1533640718940372,-8.68559519149159,2.9281614974767023,4.681862287005359
6087,b,NA,0.0020892383716284435,0.0026940002355033688,Tt,NA,-2.2989744924395428e-4,-6.933828222026595e-4,Y,High,N,Tt/Tt,Tt,45.4,2.7,16.6,-3.013109504200853,Self,-9.087697051442536,0.0075,0.0235,NA,0.0538,30.40103492884864,THETE/THETE,1,FC09,Tt,20.892383716284435,26.940002355033688,-2.2989744924395428,-6.9338282220265945,3.0393846770665225,3.2936122583999454
6088,a,NA,0.004519236658719228,0.0054758095693441255,Tt,NA,1.5329586253060024e-4,-5.875471996402148e-4,Y,Low,N,Tt/Tt,Tt,42.7,0.9,46.3,-7.691699767246933,Self,29.48048684495394,NA,0.01057,NA,0.01399,43.037459283387626,THETE/THETE,1,FC01,Tt,45.19236658719228,54.758095693441255,1.5329586253060024,-5.8754719964021485,3.810928191761885,4.002925224312302
6088,b,NA,0.005398844617262588,0.0050470033110803225,Tt,NA,-7.043313477148594e-4,-8.430128791446778e-4,N,Low,N,Tt/Tt,Tt,42.1,0.6,76.5,-6.404225547230387,Self,-7.665205637628739,NA,0.00704,NA,0.02207,24.184129165235316,THETE/THETE,1,FC01,Tt,53.988446172625885,50.47003311080323,-7.043313477148594,-8.430128791446778,3.988770063905431,3.921379756401158
6090,a,0.017052173391278735,0.010445292932755423,0.033494086828425695,Tt,0.003977768537451187,-7.444759618465691e-4,-0.0011641715920852058,Y,High,N,Tt/None,Tt,47,1.8,26.5,-8.97229669901697,None,-14.030396504471854,NA,0.03334,NA,0.04592,42.064092858945244,THETE/NM,1,FC12,None,104.45292932755423,334.94086828425696,-7.444759618465691,-11.641715920852057,4.648736532870723,5.813954003660579
6090,b,NA,NA,0.018876879989659034,None,NA,NA,-0.001456135855088636,N,High,N,Tt/None,None,45.8,3.4,13.6,-12.963680499790993,None,NA,NA,0,NA,0.04947,0,THETE/NM,1,FC12,Tt,NA,188.76879989659034,NA,-14.56135855088636,NA,5.2405229852703155
6092,a,NA,NA,0.005904612109858043,Sp,NA,NA,-3.5762920819359945e-4,Y,Low,N,Sp/Sp,Sp,46,0.6,76.2,NA,Self,NA,0.00245,9.9e-4,NA,0.0254,3.751420992800303,SUIPU/SUIPU,1,FC08,Sp,NA,59.04612109858043,NA,-3.5762920819359945,NA,4.0783188520620905
6092,b,NA,0.01889886399602725,0.005299889502883737,Sp,NA,2.95624056170396e-4,-3.3208283020252916e-4,N,Low,N,Sp/Sp,Sp,36,1.1,34.1,-56.910090727970776,Self,63.9287081059941,NA,0.0028,NA,0.07474,3.6110394635027085,SUIPU/SUIPU,1,FC08,Sp,188.98863996027248,52.99889502883737,2.95624056170396,-3.3208283020252916,5.241686907222898,3.970271064822286
6093,a,NA,0.027504851665630214,0.024042852787608204,Tt,NA,2.226352897165551e-4,-0.001175120221067083,N,High,N,Tt/Tt,Tt,43.3,1.8,23.6,-23.40598959368947,Self,123.54219180906863,NA,0.06445,NA,0.1644,28.162551889884202,THETE/THETE,1,FC15,Tt,275.0485166563021,240.42852787608206,2.226352897165551,-11.75120221067083,5.616947506310386,5.482422863990244
6093,b,0.039526546279702535,0.01876695981122012,0.017447898612021007,Tt,0.013347945212868972,0.003229683909854675,-2.7369115827413637e-4,Y,High,N,Tt/Tt,Tt,45.8,2.7,16.7,-68.56984321145892,Self,5.810772922376968,NA,0.05466,NA,0.05412,50.24820739106454,THETE/THETE,1,FC15,Tt,187.6695981122012,174.47898612021007,32.29683909854675,-2.7369115827413637,5.234682959840885,5.161804311011119
6094,a,NA,0.010731132983286873,0.018349260904860998,Tt,NA,2.9214541416577866e-5,-0.0014342384760079874,Y,High,N,Tt/Tt,Tt,41.2,2,20.2,-7.482112049563444,Self,367.32163035759527,NA,0.02518,NA,0.05662,30.782396088019564,THETE/THETE,1,FC12,Tt,107.31132983286872,183.49260904860998,0.29214541416577866,-14.342384760079874,4.675734234303484,5.212174389019207
6094,b,0.008037574633984246,0.013061767126727464,0.025812349163899073,Tt,-0.001178769764595744,-6.824342990967569e-4,-9.853443260043893e-4,N,High,N,Tt/Tt,Tt,19.5,1.7,11.2,-13.256043376931446,Self,-19.13996284186698,NA,0.03333,NA,0.04045,45.174844131200864,THETE/THETE,1,FC12,Tt,130.61767126727463,258.12349163899074,-6.824342990967569,-9.853443260043893,4.872274516014212,5.55343812016889
6096,a,NA,NA,0.003969473740514928,None,NA,NA,8.395633882973819e-5,Y,Low,N,Tt/None,None,34,0.7,46,47.280214881272315,None,NA,NA,0,NA,0.02476,0,THETE/NM,1,FC04,Tt,NA,39.69473740514928,NA,0.8395633882973819,NA,3.6812186198421655
6096,b,NA,0.006069535173978791,0.00458520779825089,Tt,NA,-2.9176775461658977e-5,-5.911967001233642e-4,N,Low,N,Tt/None,Tt,47.3,0.8,62.5,-10.266524107310255,None,-208.02624957493092,NA,0,NA,0.01954,0,THETE/NM,1,FC04,None,60.69535173978791,45.8520779825089,-0.29176775461658977,-5.911967001233642,4.105867117535016,3.8254205189952084
6097,a,0.005398844617262588,0.03361496300521116,0.03364792918395754,Tt,9.707650762094122e-4,0.0014159882017047432,-1.8245430790692074e-4,Y,High,N,Tt/Tt,Tt,37.8,1.5,24.5,-184.23770526898093,Self,23.739578454637744,8.1e-4,0.02779,NA,0.03915,41.514789363609204,THETE/THETE,1,FC05,Tt,336.1496300521116,336.47929183957535,14.159882017047432,-1.8245430790692074,5.817556388370372,5.818536607338454
6097,b,NA,0.05436831745602655,0.013105740300138446,Tt,NA,2.445319308815863e-4,-7.116303660598677e-4,N,High,N,Tt/Tt,Tt,30.1,3.3,9,-76.39965921782021,Self,222.3362701959533,NA,0.02726,NA,0.09813,21.740170667517344,THETE/THETE,1,FC05,Tt,543.6831745602655,131.05740300138447,2.445319308815863,-7.116303660598677,6.298366677489963,4.87563541807384
6098,b,NA,0.032582011603750294,0.005519789488187987,Tt,NA,0.004068997601523849,-6.313412230848914e-4,N,High,N,MIXED/THETE,Tt,49.4,3.5,13.9,-51.60760997760676,0,8.00738039057783,NA,0,0.0022,0.042800000000000005,0,MIXED/THETE,1,FC09,Mixed,325.82011603750294,55.197894881879876,40.68997601523849,-6.313412230848914,5.786345437777862,4.010924816358018
6099,a,0.033636940460150866,0.02097630849866916,0.035461035166824084,Tt,0.0014378843183308065,-1.0929481584875944e-5,-8.795080831615065e-4,N,High,N,Tt/Tt,Tt,20.4,1.5,13.6,-23.85004629322687,Self,-1919.2409389019758,NA,0.02702,NA,0.09562000000000001,22.03196347031963,THETE/THETE,1,FC16,Tt,209.7630849866916,354.61035166824087,-0.10929481584875944,-8.795080831615065,5.345978727128309,5.871019585735844
6099,b,0.02849394968384411,0.02185562379867756,0.02239419669859566,Tt,0.0035946046438556922,0.0029778870447290107,-4.63464342289277e-4,Y,High,N,Tt/Tt,Tt,40.9,1.8,22.2,-47.15707726450312,Self,7.339305846863118,NA,0.0144,NA,0.04307999999999999,25.05219206680585,THETE/THETE,1,FC16,Tt,218.55623798677559,223.94196698595658,29.778870447290107,-4.63464342289277,5.387043363509063,5.411386942333516
